,@@CLASEVO,FINALTMPID,TRANSACCIONID,DOCUMENTOID,ASIENTOITEMID,ORGANIZACIONID,ORGANIZACIONCODIGO,CUENTAID,MONEDAIDTRANSACCION,FECHAVTO,FECHA,FECHACOMPROBANTE,DOCUMENTO,COMPROBANTE,COMPROBANTEADICIONAL,ORGANIZACION,CUIT,DESCRIPCION,CUENTA,EMPRESA,DIMENSION,DIMENSIONVALOR,IMPORTEMONPPAL,IMPORTEMONSECUNDARIA,MONEDA,IMPORTEMONTRAN,VENCIMIENTO,CODIGO,NUMEROINTERNO,SUCURSAL,IMPORTECOTFECHA,DIASMORA,TIPO,DEBEHABER,COTIZACIONMONTRANSACCION,ORGANIZACIONRAMA1,ORGANIZACIONRAMA2,FECHACASHFLOW,TRANSACCIONCATEGORIAID,IDENTIFICACIONEXTERNA,VENDEDOR,CONDICIONPAGO
0,OperacionVO,0,156366,156366,566282,2321,ARGENTINAMEDICAL,27,-2,06-07-2022,06-07-2022,06-07-2022,FACTVENELEC - 3191,A-0005-00002362,,ARGENTINA MEDICAL PRODUCTS SRL,30-70825256-1,,Deudores por Ventas - Locales,Omnimedica S.A,,,1002842.31,7611.71,Pesos,1002842.31,Vencido 0 a 1 mes,FACTVENELEC,3191,,1002842.31,12,Crédito,1,1.0,,,06-07-2022,-8,FACTVENELEC - 3191,,A Convenir
1,OperacionVO,0,148687,148687,543628,286,2,27,-2,27-05-2022,27-04-2022,27-04-2022,FCE - 443,A-0007-00000402,,ASOCIACION CIVIL DE ESTUDIOS SUPERIORES A CES - HOSP AUSTRAL,30-59495091-3,,Deudores por Ventas - Locales,Omnimedica S.A,,,20082.65,167.7,Pesos,20082.65,Vencido 1 a 2 meses,FCE,443,,20082.65,52,Crédito,1,1.0,,,27-05-2022,-8,FCE - 443,,Cheque contra entrega a 30 dias
2,OperacionVO,0,148626,148626,543492,513,17,27,-2,26-05-2022,26-04-2022,26-04-2022,FACTVENELEC - 3064,A-0005-00002272,,"CENTRO DE EDUCACION MEDICA E INVESTIGACIONES CLINICAS "" NORBERTO QUIRNO"" - CEMIC",30-54612840-3,,Deudores por Ventas - Locales,Omnimedica S.A,,,188925.63,1580.97,Pesos,188925.63,Vencido 1 a 2 meses,FACTVENELEC,3064,,188925.63,53,Crédito,1,1.0,,,26-05-2022,-8,FACTVENELEC - 3064,,CHEQUE ANTICIPADO 30 dias
3,OperacionVO,0,151707,151707,552582,513,17,27,-2,18-06-2022,19-05-2022,19-05-2022,FACTVENELEC - 3108,A-0005-00002301,,"CENTRO DE EDUCACION MEDICA E INVESTIGACIONES CLINICAS "" NORBERTO QUIRNO"" - CEMIC",30-54612840-3,,Deudores por Ventas - Locales,Omnimedica S.A,,,209917.35,1703.18,Pesos,209917.35,Vencido 0 a 1 mes,FACTVENELEC,3108,,209917.35,30,Crédito,1,1.0,,,18-06-2022,-8,FACTVENELEC - 3108,,CHEQUE ANTICIPADO 30 dias
4,OperacionVO,0,148930,148930,544039,514,18,27,-2,01-06-2022,02-05-2022,02-05-2022,FACTVENELEC - 3072,A-0005-00002280,,CID NANCY DEL VALLE ,27-17629340-9,,Deudores por Ventas - Locales,Omnimedica S.A,,,830000.01,6902.29,Pesos,830000.01,Vencido 1 a 2 meses,FACTVENELEC,3072,,830000.01,47,Crédito,1,1.0,,,01-06-2022,-8,FACTVENELEC - 3072,,30 dias
5,OperacionVO,0,151706,151706,552578,514,18,27,-2,18-06-2022,19-05-2022,19-05-2022,FACTVENELEC - 3107,A-0005-00002300,,CID NANCY DEL VALLE ,27-17629340-9,,Deudores por Ventas - Locales,Omnimedica S.A,,,940000.01,7626.77,Pesos,940000.01,Vencido 0 a 1 mes,FACTVENELEC,3107,,940000.01,30,Crédito,1,1.0,,,18-06-2022,-8,FACTVENELEC - 3107,,30 dias
6,OperacionVO,0,157068,157068,568069,514,18,27,-2,12-08-2022,13-07-2022,13-07-2022,FACTVENELEC - 3198,A-0005-00002368,,CID NANCY DEL VALLE ,27-17629340-9,,Deudores por Ventas - Locales,Omnimedica S.A,,,940000.01,6975.88,Pesos,940000.01,A vencer 0 a 1 mes,FACTVENELEC,3198,,940000.01,0,Crédito,1,1.0,,,12-08-2022,-8,FACTVENELEC - 3198,,30 dias
7,OperacionVO,0,151556,151556,552278,515,19,27,-2,15-06-2022,16-05-2022,16-05-2022,FACTVENELEC - 3096,A-0005-00002296,,CIGRAL INSUMOS MEDICOS SRL,30-68569756-0,,Deudores por Ventas - Locales,Omnimedica S.A,,,220000.01,1788.62,Pesos,220000.01,Vencido 1 a 2 meses,FACTVENELEC,3096,,220000.01,33,Crédito,1,1.0,,,15-06-2022,-8,FACTVENELEC - 3096,,30 dias
8,OperacionVO,0,152378,152378,555364,515,19,27,-2,29-06-2022,30-05-2022,30-05-2022,FACTVENELEC - 3121,A-0005-00002312,,CIGRAL INSUMOS MEDICOS SRL,30-68569756-0,,Deudores por Ventas - Locales,Omnimedica S.A,,,696000.03,5590.36,Pesos,696000.03,Vencido 0 a 1 mes,FACTVENELEC,3121,,696000.03,19,Crédito,1,1.0,,,29-06-2022,-8,FACTVENELEC - 3121,,30 dias
9,OperacionVO,0,153781,153781,559154,515,19,27,-2,13-07-2022,13-06-2022,13-06-2022,FACTVENELEC - 3147,A-0005-00002329,,CIGRAL INSUMOS MEDICOS SRL,30-68569756-0,,Deudores por Ventas - Locales,Omnimedica S.A,,,1200000.0,9448.82,Pesos,1200000.0,Vencido 0 a 1 mes,FACTVENELEC,3147,,1200000.0,5,Crédito,1,1.0,,,13-07-2022,-8,FACTVENELEC - 3147,,30 dias
10,OperacionVO,0,153782,153782,559161,515,19,27,-2,13-07-2022,13-06-2022,13-06-2022,FACTVENELEC - 3148,A-0005-00002330,,CIGRAL INSUMOS MEDICOS SRL,30-68569756-0,,Deudores por Ventas - Locales,Omnimedica S.A,,,1200000.0,9448.82,Pesos,1200000.0,Vencido 0 a 1 mes,FACTVENELEC,3148,,1200000.0,5,Crédito,1,1.0,,,13-07-2022,-8,FACTVENELEC - 3148,,30 dias
11,OperacionVO,0,153785,153785,559183,515,19,27,-2,13-07-2022,13-06-2022,13-06-2022,FACTVENELEC - 3149,A-0005-00002331,,CIGRAL INSUMOS MEDICOS SRL,30-68569756-0,,Deudores por Ventas - Locales,Omnimedica S.A,,,1160000.0,9133.86,Pesos,1160000.0,Vencido 0 a 1 mes,FACTVENELEC,3149,,1160000.0,5,Crédito,1,1.0,,,13-07-2022,-8,FACTVENELEC - 3149,,30 dias
12,OperacionVO,0,155426,155426,564128,515,19,27,-2,27-07-2022,27-06-2022,27-06-2022,FACTVENELEC - 3170,A-0005-00002347,,CIGRAL INSUMOS MEDICOS SRL,30-68569756-0,,Deudores por Ventas - Locales,Omnimedica S.A,,,1200000.0,9320.39,Pesos,1200000.0,A vencer 0 a 1 mes,FACTVENELEC,3170,,1200000.0,0,Crédito,1,1.0,,,27-07-2022,-8,FACTVENELEC - 3170,,30 dias
13,OperacionVO,0,156534,156534,566723,515,19,27,-2,06-08-2022,07-07-2022,07-07-2022,FACTVENELEC - 3194,A-0005-00002365,,CIGRAL INSUMOS MEDICOS SRL,30-68569756-0,,Deudores por Ventas - Locales,Omnimedica S.A,,,341999.98,2586.01,Pesos,341999.98,A vencer 0 a 1 mes,FACTVENELEC,3194,,341999.98,0,Crédito,1,1.0,,,06-08-2022,-8,FACTVENELEC - 3194,,30 dias
14,OperacionVO,0,155994,155994,565296,518,22,27,-2,02-09-2022,04-07-2022,04-07-2022,FACTVENELEC - 3187,A-0005-00002358,,CIRUGIA ALEMANA INSUMOS MEDICOS S.A.,30-70924765-0,,Deudores por Ventas - Locales,Omnimedica S.A,,,1099999.99,8445.3,Pesos,1099999.99,A vencer 1 a 2 meses,FACTVENELEC,3187,,1099999.99,0,Crédito,1,1.0,,,02-09-2022,-8,FACTVENELEC - 3187,Facundo Obarrio,60 dias
15,OperacionVO,0,156270,156270,566081,518,22,27,-2,04-09-2022,06-07-2022,06-07-2022,FACTVENELEC - 3190,A-0005-00002361,,CIRUGIA ALEMANA INSUMOS MEDICOS S.A.,30-70924765-0,,Deudores por Ventas - Locales,Omnimedica S.A,,,1199999.98,9108.16,Pesos,1199999.98,A vencer 1 a 2 meses,FACTVENELEC,3190,,1199999.98,0,Crédito,1,1.0,,,04-09-2022,-8,FACTVENELEC - 3190,Facundo Obarrio,60 dias
16,OperacionVO,0,110772,110772,410322,519,23,27,-2,25-06-2021,24-06-2021,24-06-2021,FACTVENELEC - 2494,A-0001-00000005,,CIRUGIA DEL ESTE SOCIEDAD SIMPLE,30-61535086-5,,Deudores por Ventas - Locales,Omnimedica Pruebas,,,387200.0,3862.34,Pesos,387200.0,Vencido más de 6 meses,FACTVENELEC,2494,,387200.0,388,Crédito,1,1.0,,,25-06-2021,-8,FACTVENELEC - 2494,,TRANSFERENCIA ANTICIPADA
17,OperacionTesoreriaVO,0,69449,69449,248485,1701,ESEREQUIS,394,-2,09-12-2019,09-12-2019,09-12-2019,COBRANZA - 1548,X-0001-00001544,8336,ESEREQUIS ELIAS PASCUAL,20-13318875-5,,Anticipos de Clientes,Omnimedica S.A,,,-3999.88,-64.26,Pesos,-3999.88,Vencido más de 6 meses,COBRANZA,1548,,-3999.88,952,Débito,-1,1.0,,,09-12-2019,-30,COBRANZA - 1548,,
18,OperacionVO,0,3670,3670,9561,774,clifederico,27,-2,19-03-2017,18-01-2017,18-01-2017,FACTVEN - 1,,,Federico,23-30334028-9,,Deudores por Ventas - Locales,Prueba,,,49.91,9.98,Pesos,49.91,Vencido más de 6 meses,FACTVEN,1,,49.91,1947,Crédito,1,1.0,,,11-06-2018,-8,FACTVEN - 1,,"30, 60 y 90 días"
19,OperacionVO,0,3670,3670,9562,774,clifederico,27,-2,18-04-2017,18-01-2017,18-01-2017,FACTVEN - 1,,,Federico,23-30334028-9,,Deudores por Ventas - Locales,Prueba,,,51.43,10.29,Pesos,51.43,Vencido más de 6 meses,FACTVEN,1,,51.43,1917,Crédito,1,1.0,,,11-06-2018,-8,FACTVEN - 1,,"30, 60 y 90 días"
20,OperacionVO,0,137614,137614,505221,531,35,27,-2,26-03-2022,24-02-2022,24-02-2022,FCE - 417,A-0007-00000378,,FUNDACION FAVALORO ,33-55976886-9,,Deudores por Ventas - Locales,Omnimedica S.A,,,4409999.99,39200.0,Pesos,4409999.99,Vencido 3 a 6 meses,FCE,417,,4409999.99,114,Crédito,1,1.0,,,26-03-2022,-8,FCE - 417,,30 dias F/P/F
21,OperacionVO,0,153457,153457,558361,531,35,27,-2,08-07-2022,08-06-2022,08-06-2022,FCE - 472,A-0007-00000426,,FUNDACION FAVALORO ,33-55976886-9,,Deudores por Ventas - Locales,Omnimedica S.A,,,4886999.99,38708.91,Pesos,4886999.99,Vencido 0 a 1 mes,FCE,472,,4886999.99,10,Crédito,1,1.0,,,08-07-2022,-8,FCE - 472,,30 dias F/P/F
22,OperacionVO,0,154413,154413,560726,531,35,27,-2,15-07-2022,15-06-2022,15-06-2022,FCE - 479,A-0007-00000433,,FUNDACION FAVALORO ,33-55976886-9,,Deudores por Ventas - Locales,Omnimedica S.A,,,4370000.0,34274.51,Pesos,4370000.0,Vencido 0 a 1 mes,FCE,479,,4370000.0,3,Crédito,1,1.0,,,15-07-2022,-8,FCE - 479,,30 dias F/P/F
23,OperacionVO,0,158424,158424,574100,531,35,27,-2,17-08-2022,18-07-2022,18-07-2022,FACTVENELEC - 3204,A-0005-00002372,,FUNDACION FAVALORO ,33-55976886-9,,Deudores por Ventas - Locales,Omnimedica S.A,,,225000.01,1666.67,Pesos,225000.01,A vencer 0 a 1 mes,FACTVENELEC,3204,,225000.01,0,Crédito,1,1.0,,,17-08-2022,-8,FACTVENELEC - 3204,,30 dias F/P/F
24,OperacionVO,0,154152,154152,560142,303,37,27,-2,14-07-2022,14-06-2022,14-06-2022,FCE - 474,A-0007-00000428,,GALENO ARGENTINA S.A.,30-52242816-3,,Deudores por Ventas - Locales,Omnimedica S.A,,,461900.82,3629.87,Pesos,461900.82,Vencido 0 a 1 mes,FCE,474,,461900.82,4,Crédito,1,1.0,,,14-07-2022,-8,FCE - 474,,30 dias
25,OperacionVO,0,157481,157481,569235,303,37,27,-2,13-08-2022,14-07-2022,14-07-2022,FCE - 498,A-0007-00000451,,GALENO ARGENTINA S.A.,30-52242816-3,,Deudores por Ventas - Locales,Omnimedica S.A,,,341404.97,2528.93,Pesos,341404.97,A vencer 0 a 1 mes,FCE,498,,341404.97,0,Crédito,1,1.0,,,13-08-2022,-8,FCE - 498,,30 dias
26,OperacionVO,0,152769,152769,556388,302,36,27,-2,22-06-2022,02-06-2022,02-06-2022,FACTVENELEC - 3127,B-0005-00000898,,GOBIERNO DE LA CIUDAD DE BUENOS AIRES,34-99903208-9,,Deudores por Ventas - Locales,Omnimedica S.A,,,1379000.0,11009.98,Pesos,1379000.0,Vencido 0 a 1 mes,FACTVENELEC,3127,HGA DR. JUAN A FERNANDEZ,1379000.0,26,Crédito,1,1.0,,,22-06-2022,-8,FACTVENELEC - 3127,,SEGUN PLIEGO
27,OperacionVO,0,154312,154312,560436,302,36,27,-2,14-07-2022,14-06-2022,14-06-2022,FACTVENELEC - 3153,B-0005-00000906,,GOBIERNO DE LA CIUDAD DE BUENOS AIRES,34-99903208-9,,Deudores por Ventas - Locales,Omnimedica S.A,,,412500.0,3241.65,Pesos,412500.0,Vencido 0 a 1 mes,FACTVENELEC,3153,HOSPITAL CARLOS G DURAND,412500.0,4,Crédito,1,1.0,,,14-07-2022,-8,FACTVENELEC - 3153,,30 dias
28,OperacionVO,0,158170,158170,573447,878,CRUPED,27,-2,13-08-2022,14-07-2022,14-07-2022,FACTVENELEC - 3201,A-0005-00002371,,GRUPO PEDIATRICO SA,30-71020845-6,,Deudores por Ventas - Locales,Omnimedica S.A,,,540000.01,4000.0,Pesos,540000.01,A vencer 0 a 1 mes,FACTVENELEC,3201,,540000.01,0,Crédito,1,1.0,,,13-08-2022,-8,FACTVENELEC - 3201,,30 dias F/P/F
29,OperacionVO,0,110775,110775,410323,1171,GUT,394,-2,24-06-2021,24-06-2021,24-06-2021,FACTVENELEC - 2495,A-0001-00000006,,GUTIERREZ RICARDO HOMERO,20-12278672-3,,Anticipos de Clientes,Omnimedica Pruebas,,,-350000.0,-3482.59,Pesos,-350000.0,Vencido más de 6 meses,FACTVENELEC,2495,,-350000.0,389,Débito,-1,1.0,,,24-06-2021,-8,FACTVENELEC - 2495,,TRANSFERENCIA
30,OperacionVO,0,110777,110777,410329,1171,GUT,394,-2,24-06-2021,24-06-2021,24-06-2021,FACTVENELEC - 2496,A-0001-00000007,,GUTIERREZ RICARDO HOMERO,20-12278672-3,,Anticipos de Clientes,Omnimedica Pruebas,,,350000.0,3482.59,Pesos,350000.0,Vencido más de 6 meses,FACTVENELEC,2496,,350000.0,389,Crédito,1,1.0,,,24-06-2021,-8,FACTVENELEC - 2496,,TRANSFERENCIA
31,OperacionVO,0,4229,4229,9871,310,46,27,-2,24-10-2017,26-07-2017,26-07-2017,FVOMN - 4,B-0001-00000003,,"HOSPITAL DE PEDIATRIA SAMIC "" PROFESOR DR. JUAN P GARRAHAN""",30-61591554-4,,Deudores por Ventas - Locales,Omnimedica Pruebas,,,217800.0,12811.76,Pesos,217800.0,Vencido más de 6 meses,FVOMN,4,,217800.0,1728,Crédito,1,1.0,,,11-06-2018,-8,FVOMN - 4,,90 dias
32,OperacionVO,0,155644,155644,564544,310,46,27,-2,19-07-2022,29-06-2022,29-06-2022,FACTVENELEC - 3178,B-0005-00000910,,"HOSPITAL DE PEDIATRIA SAMIC "" PROFESOR DR. JUAN P GARRAHAN""",30-61591554-4,,Deudores por Ventas - Locales,Omnimedica S.A,,,654750.0,5046.24,Pesos,654750.0,A vencer 0 a 1 mes,FACTVENELEC,3178,,654750.0,0,Crédito,1,1.0,,,19-07-2022,-8,FACTVENELEC - 3178,,SEGUN PLIEGO
33,OperacionVO,0,155931,155931,565180,310,46,27,-2,21-07-2022,01-07-2022,01-07-2022,FACTVENELEC - 3184,B-0005-00000911,,"HOSPITAL DE PEDIATRIA SAMIC "" PROFESOR DR. JUAN P GARRAHAN""",30-61591554-4,,Deudores por Ventas - Locales,Omnimedica S.A,,,2000000.05,15384.62,Pesos,2000000.05,A vencer 0 a 1 mes,FACTVENELEC,3184,,2000000.05,0,Crédito,1,1.0,,,21-07-2022,-8,FACTVENELEC - 3184,,SEGUN PLIEGO
34,OperacionVO,0,155545,155545,564468,1291,HOSP PRIV,27,-2,28-07-2022,28-06-2022,28-06-2022,FCE - 487,A-0007-00000441,,HOSPITAL PRIVADO CENTRO MEDICO DE CORDOBA S.A.,30-54602252-4,,Deudores por Ventas - Locales,Omnimedica S.A,,,920000.0,7090.56,Pesos,920000.0,A vencer 0 a 1 mes,FCE,487,,920000.0,0,Crédito,1,1.0,,,28-07-2022,-8,FCE - 487,,30 dias
35,OperacionVO,0,157519,157519,569348,1291,HOSP PRIV,27,-2,13-08-2022,14-07-2022,14-07-2022,FCE - 501,A-0007-00000454,,HOSPITAL PRIVADO CENTRO MEDICO DE CORDOBA S.A.,30-54602252-4,,Deudores por Ventas - Locales,Omnimedica S.A,,,920000.0,6814.81,Pesos,920000.0,A vencer 0 a 1 mes,FCE,501,,920000.0,0,Crédito,1,1.0,,,13-08-2022,-8,FCE - 501,,30 dias
36,OperacionVO,0,3731,3731,9621,271,51,27,-2,01-02-2017,01-02-2017,01-02-2017,FACTVEN - 2,B-4113-55131321,,INSTITUTO DE OBRA MEDICO ASISTENCIAL,30-62824952-7,,Deudores por Ventas - Locales,Omnimedica Pruebas,,,31500.0,6300.0,Pesos,31500.0,Vencido más de 6 meses,FACTVEN,2,,31500.0,1993,Crédito,1,1.0,,,11-06-2018,-8,FACTVEN - 2,,Contado Efectivo
37,OperacionVO,0,18359,18359,37923,271,51,27,-2,25-06-2018,11-05-2018,11-05-2018,FACTVENELEC - 501,,,INSTITUTO DE OBRA MEDICO ASISTENCIAL,30-62824952-7,,Deudores por Ventas - Locales,Prueba,,,3420.0,148.05,Pesos,3420.0,Vencido más de 6 meses,FACTVENELEC,501,,3420.0,1484,Crédito,1,1.0,,,25-06-2018,-8,FACTVENELEC - 501,,45 dias
38,OperacionVO,0,18348,18348,37930,271,51,27,-2,25-06-2018,11-05-2018,11-05-2018,FACTVENELEC - 500,,,INSTITUTO DE OBRA MEDICO ASISTENCIAL,30-62824952-7,,Deudores por Ventas - Locales,Prueba,,,276250.0,11958.87,Pesos,276250.0,Vencido más de 6 meses,FACTVENELEC,500,,276250.0,1484,Crédito,1,1.0,,,25-06-2018,-8,FACTVENELEC - 500,,45 dias
39,OperacionVO,0,18363,18363,37934,271,51,27,-2,25-06-2018,11-05-2018,11-05-2018,FACTVENELEC - 502,,,INSTITUTO DE OBRA MEDICO ASISTENCIAL,30-62824952-7,,Deudores por Ventas - Locales,Prueba,,,331.5,14.35,Pesos,331.5,Vencido más de 6 meses,FACTVENELEC,502,,331.5,1484,Crédito,1,1.0,,,25-06-2018,-8,FACTVENELEC - 502,,45 dias
40,OperacionVO,0,18372,18372,37946,271,51,27,-2,25-06-2018,11-05-2018,11-05-2018,FACTVENELEC - 504,,,INSTITUTO DE OBRA MEDICO ASISTENCIAL,30-62824952-7,,Deudores por Ventas - Locales,Prueba,,,663.0,28.7,Pesos,663.0,Vencido más de 6 meses,FACTVENELEC,504,,663.0,1484,Crédito,1,1.0,,,25-06-2018,-8,FACTVENELEC - 504,,45 dias
41,OperacionVO,0,36655,36655,80500,271,51,27,-2,12-04-2019,26-02-2019,26-02-2019,FACTVENELEC - 1046,B-0005-00000400,,INSTITUTO DE OBRA MEDICO ASISTENCIAL,30-62824952-7,,Deudores por Ventas - Locales,Omnimedica S.A,,,420000.0,10526.32,Pesos,420000.0,Vencido más de 6 meses,FACTVENELEC,1046,INCLUIR SALUD,420000.0,1193,Crédito,1,1.0,,,12-04-2019,-8,FACTVENELEC - 1046,,45 dias
42,OperacionVO,0,38716,38716,84807,271,51,27,-2,16-05-2019,01-04-2019,01-04-2019,FACTVENELEC - 1116,B-0005-00000419,,INSTITUTO DE OBRA MEDICO ASISTENCIAL,30-62824952-7,,Deudores por Ventas - Locales,Omnimedica S.A,,,113000.01,2550.79,Pesos,113000.01,Vencido más de 6 meses,FACTVENELEC,1116,INCLUIR SALUD,113000.01,1159,Crédito,1,1.0,,,16-05-2019,-8,FACTVENELEC - 1116,,45 dias
43,OperacionVO,0,58507,58507,184760,271,51,27,-2,01-12-2019,17-10-2019,17-10-2019,FDVEII - 184,B-0005-00000541,,INSTITUTO DE OBRA MEDICO ASISTENCIAL,30-62824952-7,,Deudores por Ventas - Locales,Omnimedica S.A,,,217508.1,3655.6,Pesos,217508.1,Vencido más de 6 meses,FDVEII,184,,217508.1,960,Crédito,1,1.0,,,01-12-2019,-8,FDVEII - 184,,45 dias
44,OperacionVO,0,68278,68278,246046,271,51,27,-2,29-12-2019,14-11-2019,14-11-2019,FACTVENELEC - 1685,B-0005-00000549,,INSTITUTO DE OBRA MEDICO ASISTENCIAL,30-62824952-7,,Deudores por Ventas - Locales,Omnimedica S.A,,,505000.0,8047.81,Pesos,505000.0,Vencido más de 6 meses,FACTVENELEC,1685,,505000.0,932,Crédito,1,1.0,,,29-12-2019,-8,FACTVENELEC - 1685,,45 dias
45,OperacionVO,0,76570,76570,280625,271,51,27,-2,03-04-2020,18-02-2020,18-02-2020,FDVEII - 196,B-0005-00000592,,INSTITUTO DE OBRA MEDICO ASISTENCIAL,30-62824952-7,,Deudores por Ventas - Locales,Omnimedica S.A,,,288812.16,4566.2,Pesos,288812.16,Vencido más de 6 meses,FDVEII,196,,288812.16,836,Crédito,1,1.0,,,03-04-2020,-8,FDVEII - 196,,45 dias
46,OperacionVO,0,81251,81251,299059,271,51,27,-2,17-07-2020,18-05-2020,18-05-2020,FDVEII - 207,B-0005-00000622,,INSTITUTO DE OBRA MEDICO ASISTENCIAL,30-62824952-7,,Deudores por Ventas - Locales,Omnimedica S.A,,,1316475.34,18874.2,Pesos,1316475.34,Vencido más de 6 meses,FDVEII,207,,1316475.34,731,Crédito,1,1.0,,,17-07-2020,-8,FDVEII - 207,,60 dias
47,OperacionVO,0,89622,89622,337908,271,51,27,-2,30-10-2020,15-09-2020,15-09-2020,NCVEE - 258,B-0005-00000073,,INSTITUTO DE OBRA MEDICO ASISTENCIAL,30-62824952-7,,Deudores por Ventas - Locales,Omnimedica S.A,,,-420000.0,-5316.46,Pesos,-420000.0,Vencido más de 6 meses,NCVEE,258,INCLUIR SALUD,-420000.0,626,Débito,-1,1.0,,,30-10-2020,-8,NCVEE - 258,,45 dias
48,OperacionVO,0,89623,89623,337911,271,51,27,-2,30-10-2020,15-09-2020,15-09-2020,NCVEE - 259,B-0005-00000074,,INSTITUTO DE OBRA MEDICO ASISTENCIAL,30-62824952-7,,Deudores por Ventas - Locales,Omnimedica S.A,,,-113000.01,-1430.38,Pesos,-113000.01,Vencido más de 6 meses,NCVEE,259,INCLUIR SALUD,-113000.01,626,Débito,-1,1.0,,,30-10-2020,-8,NCVEE - 259,,45 dias
49,OperacionVO,0,104108,104108,389920,271,51,27,-2,16-05-2021,17-03-2021,17-03-2021,FDVEII - 225,B-0005-00000740,,INSTITUTO DE OBRA MEDICO ASISTENCIAL,30-62824952-7,,Deudores por Ventas - Locales,Omnimedica S.A,,,165111.35,1715.44,Pesos,165111.35,Vencido más de 6 meses,FDVEII,225,,165111.35,428,Crédito,1,1.0,,,16-05-2021,-8,FDVEII - 225,,60 dias
50,MovimientoFondosVO,0,109141,109141,405155,271,51,394,-2,28-05-2021,28-05-2021,28-05-2021,MOVFONDOS - 4855,MF-0001-00004848,,INSTITUTO DE OBRA MEDICO ASISTENCIAL,30-62824952-7,ANTICIPO IOMA (FC 113 /114 /1595),Anticipos de Clientes,Omnimedica S.A,,,-36600.0,-366.92,Pesos,-36600.0,Vencido más de 6 meses,MOVFONDOS,4855,,-36600.0,416,Débito,-1,1.0,,,28-05-2021,-32,MOVFONDOS - 4855,,
51,MovimientoFondosVO,0,109141,109141,405156,271,51,394,-2,28-05-2021,28-05-2021,28-05-2021,MOVFONDOS - 4855,MF-0001-00004848,,INSTITUTO DE OBRA MEDICO ASISTENCIAL,30-62824952-7,ANTICIPO IOMA (FC 113 /114 /1595),Anticipos de Clientes,Omnimedica S.A,,,-36600.0,-366.92,Pesos,-36600.0,Vencido más de 6 meses,MOVFONDOS,4855,,-36600.0,416,Débito,-1,1.0,,,28-05-2021,-32,MOVFONDOS - 4855,,
52,MovimientoFondosVO,0,109141,109141,405157,271,51,394,-2,28-05-2021,28-05-2021,28-05-2021,MOVFONDOS - 4855,MF-0001-00004848,,INSTITUTO DE OBRA MEDICO ASISTENCIAL,30-62824952-7,ANTICIPO IOMA (FC 113 /114 /1595),Anticipos de Clientes,Omnimedica S.A,,,-224000.0,-2245.61,Pesos,-224000.0,Vencido más de 6 meses,MOVFONDOS,4855,,-224000.0,416,Débito,-1,1.0,,,28-05-2021,-32,MOVFONDOS - 4855,,
53,OperacionVO,0,148020,148020,542004,271,51,27,-2,17-06-2022,18-04-2022,18-04-2022,FACTVENELEC - 3037,B-0005-00000880,,INSTITUTO DE OBRA MEDICO ASISTENCIAL,30-62824952-7,,Deudores por Ventas - Locales,Omnimedica S.A,,,1209780.0,10274.14,Pesos,1209780.0,Vencido 1 a 2 meses,FACTVENELEC,3037,,1209780.0,31,Crédito,1,1.0,,,17-06-2022,-8,FACTVENELEC - 3037,,60 dias
54,OperacionVO,0,148023,148023,542015,271,51,27,-2,17-06-2022,18-04-2022,18-04-2022,FACTVENELEC - 3038,B-0005-00000881,,INSTITUTO DE OBRA MEDICO ASISTENCIAL,30-62824952-7,,Deudores por Ventas - Locales,Omnimedica S.A,,,6895484.68,58436.31,Pesos,6895484.68,Vencido 1 a 2 meses,FACTVENELEC,3038,,6895484.68,31,Crédito,1,1.0,,,17-06-2022,-8,FACTVENELEC - 3038,,60 dias
55,OperacionVO,0,148027,148027,542023,271,51,27,-2,17-06-2022,18-04-2022,18-04-2022,FACTVENELEC - 3039,B-0005-00000882,,INSTITUTO DE OBRA MEDICO ASISTENCIAL,30-62824952-7,,Deudores por Ventas - Locales,Omnimedica S.A,,,729129.8,6179.07,Pesos,729129.8,Vencido 1 a 2 meses,FACTVENELEC,3039,,729129.8,31,Crédito,1,1.0,,,17-06-2022,-8,FACTVENELEC - 3039,,60 dias
56,OperacionVO,0,151569,151569,552314,271,51,27,-2,30-06-2022,16-05-2022,16-05-2022,FACTVENELEC - 3100,B-0005-00000891,,INSTITUTO DE OBRA MEDICO ASISTENCIAL,30-62824952-7,,Deudores por Ventas - Locales,Omnimedica S.A,,,349999.99,2845.53,Pesos,349999.99,Vencido 0 a 1 mes,FACTVENELEC,3100,,349999.99,18,Crédito,1,1.0,,,30-06-2022,-8,FACTVENELEC - 3100,,45 dias
57,OperacionVO,0,151642,151642,552463,271,51,27,-2,18-07-2022,19-05-2022,19-05-2022,FACTVENELEC - 3101,B-0005-00000892,,INSTITUTO DE OBRA MEDICO ASISTENCIAL,30-62824952-7,,Deudores por Ventas - Locales,Omnimedica S.A,,,1249936.8,10141.48,Pesos,1249936.8,A vencer 0 a 1 mes,FACTVENELEC,3101,,1249936.8,0,Crédito,1,1.0,,,18-07-2022,-8,FACTVENELEC - 3101,,60 dias
58,OperacionVO,0,151643,151643,552466,271,51,27,-2,18-07-2022,19-05-2022,19-05-2022,FACTVENELEC - 3102,B-0005-00000893,,INSTITUTO DE OBRA MEDICO ASISTENCIAL,30-62824952-7,,Deudores por Ventas - Locales,Omnimedica S.A,,,1066298.4,8651.51,Pesos,1066298.4,A vencer 0 a 1 mes,FACTVENELEC,3102,,1066298.4,0,Crédito,1,1.0,,,18-07-2022,-8,FACTVENELEC - 3102,,60 dias
59,OperacionVO,0,153451,153451,558326,271,51,27,-2,18-06-2022,08-06-2022,08-06-2022,FACTVENELEC - 3141,B-0005-00000903,,INSTITUTO DE OBRA MEDICO ASISTENCIAL,30-62824952-7,,Deudores por Ventas - Locales,Omnimedica S.A,,,350000.0,2772.28,Pesos,350000.0,Vencido 0 a 1 mes,FACTVENELEC,3141,,350000.0,30,Crédito,1,1.0,,,18-06-2022,-8,FACTVENELEC - 3141,,7 dias F/P/F
60,OperacionVO,0,153679,153679,558921,271,51,27,-2,09-08-2022,10-06-2022,10-06-2022,FACTVENELEC - 3145,B-0005-00000904,,INSTITUTO DE OBRA MEDICO ASISTENCIAL,30-62824952-7,,Deudores por Ventas - Locales,Omnimedica S.A,,,389999.99,3076.92,Pesos,389999.99,A vencer 0 a 1 mes,FACTVENELEC,3145,,389999.99,0,Crédito,1,1.0,,,09-08-2022,-8,FACTVENELEC - 3145,,60 dias
61,OperacionVO,0,153774,153774,559125,271,51,27,-2,28-07-2022,13-06-2022,13-06-2022,FACTVENELEC - 3146,B-0005-00000905,,INSTITUTO DE OBRA MEDICO ASISTENCIAL,30-62824952-7,,Deudores por Ventas - Locales,Omnimedica S.A,,,268620.0,2115.12,Pesos,268620.0,A vencer 0 a 1 mes,FACTVENELEC,3146,,268620.0,0,Crédito,1,1.0,,,28-07-2022,-8,FACTVENELEC - 3146,,45 dias
62,OperacionVO,0,154490,154490,560919,271,51,27,-2,20-08-2022,21-06-2022,21-06-2022,FACTVENELEC - 3158,B-0005-00000907,,INSTITUTO DE OBRA MEDICO ASISTENCIAL,30-62824952-7,,Deudores por Ventas - Locales,Omnimedica S.A,,,1516574.25,11871.42,Pesos,1516574.25,A vencer 1 a 2 meses,FACTVENELEC,3158,,1516574.25,0,Crédito,1,1.0,,,20-08-2022,-8,FACTVENELEC - 3158,,60 dias
63,OperacionVO,0,154495,154495,560926,271,51,27,-2,05-08-2022,21-06-2022,21-06-2022,FACTVENELEC - 3159,B-0005-00000908,,INSTITUTO DE OBRA MEDICO ASISTENCIAL,30-62824952-7,,Deudores por Ventas - Locales,Omnimedica S.A,,,182848.55,1431.3,Pesos,182848.55,A vencer 0 a 1 mes,FACTVENELEC,3159,,182848.55,0,Crédito,1,1.0,,,05-08-2022,-8,FACTVENELEC - 3159,,45 dias
64,OperacionVO,0,158416,158416,574082,271,51,27,-2,16-09-2022,18-07-2022,18-07-2022,FACTVENELEC - 3202,B-0005-00000914,,INSTITUTO DE OBRA MEDICO ASISTENCIAL,30-62824952-7,,Deudores por Ventas - Locales,Omnimedica S.A,,,789600.0,5848.89,Pesos,789600.0,A vencer 1 a 2 meses,FACTVENELEC,3202,,789600.0,0,Crédito,1,1.0,,,16-09-2022,-8,FACTVENELEC - 3202,,60 dias
65,OperacionVO,0,158422,158422,574094,271,51,27,-2,16-09-2022,18-07-2022,18-07-2022,FACTVENELEC - 3203,B-0005-00000915,,INSTITUTO DE OBRA MEDICO ASISTENCIAL,30-62824952-7,,Deudores por Ventas - Locales,Omnimedica S.A,,,1412213.85,10460.84,Pesos,1412213.85,A vencer 1 a 2 meses,FACTVENELEC,3203,,1412213.85,0,Crédito,1,1.0,,,16-09-2022,-8,FACTVENELEC - 3203,,60 dias
66,OperacionVO,0,72163,72163,403553,311,47,27,-2,10-03-2020,10-01-2020,10-01-2020,FVOMN - 99,B-0002-00001579,,INSTITUTO NACIONAL DE SERVICIOS SOCIALES PARA JUBILADOS Y PENSIONADOS,30-52276392-2,,Deudores por Ventas - Locales,Omnimedica S.A,,,190000.0,3015.87,Pesos,190000.0,Vencido más de 6 meses,FVOMN,99,UGL III - CORDOBA - SAP 75288,190000.0,860,Crédito,1,1.0,,,10-03-2020,-8,FVOMN - 99,,60 dias
67,OperacionVO,0,73309,73309,266823,311,47,27,-2,20-03-2020,20-01-2020,20-01-2020,FVOMN - 101,B-0002-00001581,,INSTITUTO NACIONAL DE SERVICIOS SOCIALES PARA JUBILADOS Y PENSIONADOS,30-52276392-2,,Deudores por Ventas - Locales,Omnimedica S.A,,,480000.0,7619.05,Pesos,480000.0,Vencido más de 6 meses,FVOMN,101,UGL XVI - NEUQUEN - SAP 75288,480000.0,850,Crédito,1,1.0,,,20-03-2020,-8,FVOMN - 101,,60 dias
68,OperacionVO,0,142925,142925,516824,311,47,27,-2,24-05-2022,25-03-2022,25-03-2022,FVOMN - 408,B-0002-00001897,,INSTITUTO NACIONAL DE SERVICIOS SOCIALES PARA JUBILADOS Y PENSIONADOS,30-52276392-2,,Deudores por Ventas - Locales,Omnimedica S.A,,,320000.0,2788.67,Pesos,320000.0,Vencido 1 a 2 meses,FVOMN,408,UGL XXXV - SAN JUSTO - SAP 75288,320000.0,55,Crédito,1,1.0,,,24-05-2022,-8,FVOMN - 408,,60 dias
69,OperacionVO,0,147953,147953,541810,311,47,27,-2,11-06-2022,12-04-2022,12-04-2022,FVOMN - 418,B-0002-00001907,,INSTITUTO NACIONAL DE SERVICIOS SOCIALES PARA JUBILADOS Y PENSIONADOS,30-52276392-2,,Deudores por Ventas - Locales,Omnimedica S.A,,,788000.0,6692.14,Pesos,788000.0,Vencido 1 a 2 meses,FVOMN,418,UGL XXXV - SAN JUSTO - SAP 75288,788000.0,37,Crédito,1,1.0,,,11-06-2022,-8,FVOMN - 418,,60 dias
70,OperacionVO,0,148731,148731,543734,311,47,27,-2,27-06-2022,28-04-2022,28-04-2022,FVOMN - 429,B-0002-00001918,,INSTITUTO NACIONAL DE SERVICIOS SOCIALES PARA JUBILADOS Y PENSIONADOS,30-52276392-2,,Deudores por Ventas - Locales,Omnimedica S.A,,,790000.0,6597.08,Pesos,790000.0,Vencido 0 a 1 mes,FVOMN,429,UGL VIII - SAN MARTIN - SAP 75288,790000.0,21,Crédito,1,1.0,,,27-06-2022,-8,FVOMN - 429,,60 dias
71,OperacionVO,0,149049,149049,544325,311,47,27,-2,03-07-2022,04-05-2022,04-05-2022,FVOMN - 433,B-0002-00001922,,INSTITUTO NACIONAL DE SERVICIOS SOCIALES PARA JUBILADOS Y PENSIONADOS,30-52276392-2,,Deudores por Ventas - Locales,Omnimedica S.A,,,788000.0,6512.4,Pesos,788000.0,Vencido 0 a 1 mes,FVOMN,433,UGL VIII - SAN MARTIN - SAP 75288,788000.0,15,Crédito,1,1.0,,,03-07-2022,-8,FVOMN - 433,,60 dias
72,OperacionVO,0,149196,149196,544710,311,47,27,-2,04-07-2022,05-05-2022,05-05-2022,FVOMN - 434,B-0002-00001923,,INSTITUTO NACIONAL DE SERVICIOS SOCIALES PARA JUBILADOS Y PENSIONADOS,30-52276392-2,,Deudores por Ventas - Locales,Omnimedica S.A,,,870000.0,7175.26,Pesos,870000.0,Vencido 0 a 1 mes,FVOMN,434,UGL XXXVIII - CHIVILCOY - SAP 75288,870000.0,14,Crédito,1,1.0,,,04-07-2022,-8,FVOMN - 434,,60 dias
73,OperacionVO,0,150044,150044,548362,311,47,27,-2,09-07-2022,10-05-2022,10-05-2022,FVOMN - 436,B-0002-00001925,,INSTITUTO NACIONAL DE SERVICIOS SOCIALES PARA JUBILADOS Y PENSIONADOS,30-52276392-2,,Deudores por Ventas - Locales,Omnimedica S.A,,,1380000.0,11334.7,Pesos,1380000.0,Vencido 0 a 1 mes,FVOMN,436,UGL X - LANUS - SAP 75288,1380000.0,9,Crédito,1,1.0,,,09-07-2022,-8,FVOMN - 436,,60 dias
74,OperacionVO,0,150126,150126,548582,311,47,27,-2,09-07-2022,10-05-2022,10-05-2022,FVOMN - 437,B-0002-00001926,,INSTITUTO NACIONAL DE SERVICIOS SOCIALES PARA JUBILADOS Y PENSIONADOS,30-52276392-2,,Deudores por Ventas - Locales,Omnimedica S.A,,,215000.0,1765.91,Pesos,215000.0,Vencido 0 a 1 mes,FVOMN,437,NC - NIVEL CENTRAL - SAP 75288,215000.0,9,Crédito,1,1.0,,,09-07-2022,-8,FVOMN - 437,,60 dias
75,OperacionVO,0,150200,150200,548762,311,47,27,-2,09-07-2022,10-05-2022,10-05-2022,FVOMN - 438,B-0002-00001927,,INSTITUTO NACIONAL DE SERVICIOS SOCIALES PARA JUBILADOS Y PENSIONADOS,30-52276392-2,,Deudores por Ventas - Locales,Omnimedica S.A,,,790000.0,6488.71,Pesos,790000.0,Vencido 0 a 1 mes,FVOMN,438,UGL VI - CAPITAL FEDERAL - SAP 75288,790000.0,9,Crédito,1,1.0,,,09-07-2022,-8,FVOMN - 438,,60 dias
76,OperacionVO,0,150219,150219,548783,311,47,27,-2,10-07-2022,11-05-2022,11-05-2022,FVOMN - 439,B-0002-00001928,,INSTITUTO NACIONAL DE SERVICIOS SOCIALES PARA JUBILADOS Y PENSIONADOS,30-52276392-2,,Deudores por Ventas - Locales,Omnimedica S.A,,,788000.0,6459.02,Pesos,788000.0,Vencido 0 a 1 mes,FVOMN,439,UGL VIII - SAN MARTIN - SAP 75288,788000.0,8,Crédito,1,1.0,,,10-07-2022,-8,FVOMN - 439,,60 dias
77,OperacionVO,0,150237,150237,548850,311,47,27,-2,10-07-2022,11-05-2022,11-05-2022,FVOMN - 440,B-0002-00001929,,INSTITUTO NACIONAL DE SERVICIOS SOCIALES PARA JUBILADOS Y PENSIONADOS,30-52276392-2,,Deudores por Ventas - Locales,Omnimedica S.A,,,788000.0,6459.02,Pesos,788000.0,Vencido 0 a 1 mes,FVOMN,440,UGL VIII - SAN MARTIN - SAP 75288,788000.0,8,Crédito,1,1.0,,,10-07-2022,-8,FVOMN - 440,,60 dias
78,OperacionVO,0,151563,151563,552298,311,47,27,-2,15-07-2022,16-05-2022,16-05-2022,FVOMN - 443,B-0002-00001930,,INSTITUTO NACIONAL DE SERVICIOS SOCIALES PARA JUBILADOS Y PENSIONADOS,30-52276392-2,,Deudores por Ventas - Locales,Omnimedica S.A,,,470000.0,3821.14,Pesos,470000.0,Vencido 0 a 1 mes,FVOMN,443,UGL X - LANUS - SAP 75288,470000.0,3,Crédito,1,1.0,,,15-07-2022,-8,FVOMN - 443,,60 dias
79,OperacionVO,0,151564,151564,552301,311,47,27,-2,15-07-2022,16-05-2022,16-05-2022,FVOMN - 444,B-0002-00001931,,INSTITUTO NACIONAL DE SERVICIOS SOCIALES PARA JUBILADOS Y PENSIONADOS,30-52276392-2,,Deudores por Ventas - Locales,Omnimedica S.A,,,788000.0,6406.5,Pesos,788000.0,Vencido 0 a 1 mes,FVOMN,444,UGL VIII - SAN MARTIN - SAP 75288,788000.0,3,Crédito,1,1.0,,,15-07-2022,-8,FVOMN - 444,,60 dias
80,OperacionVO,0,151578,151578,552337,311,47,27,-2,15-07-2022,16-05-2022,16-05-2022,FVOMN - 445,B-0002-00001932,,INSTITUTO NACIONAL DE SERVICIOS SOCIALES PARA JUBILADOS Y PENSIONADOS,30-52276392-2,,Deudores por Ventas - Locales,Omnimedica S.A,,,788000.0,6406.5,Pesos,788000.0,Vencido 0 a 1 mes,FVOMN,445,UGL VI - CAPITAL FEDERAL - SAP 75288,788000.0,3,Crédito,1,1.0,,,15-07-2022,-8,FVOMN - 445,,60 dias
81,OperacionVO,0,151582,151582,552347,311,47,27,-2,16-07-2022,17-05-2022,17-05-2022,FVOMN - 446,B-0002-00001933,,INSTITUTO NACIONAL DE SERVICIOS SOCIALES PARA JUBILADOS Y PENSIONADOS,30-52276392-2,,Deudores por Ventas - Locales,Omnimedica S.A,,,788000.0,6406.5,Pesos,788000.0,Vencido 0 a 1 mes,FVOMN,446,UGL X - LANUS - SAP 75288,788000.0,2,Crédito,1,1.0,,,16-07-2022,-8,FVOMN - 446,,60 dias
82,OperacionVO,0,151616,151616,552412,311,47,27,-2,16-07-2022,17-05-2022,17-05-2022,FVOMN - 447,B-0002-00001934,,INSTITUTO NACIONAL DE SERVICIOS SOCIALES PARA JUBILADOS Y PENSIONADOS,30-52276392-2,,Deudores por Ventas - Locales,Omnimedica S.A,,,788000.0,6406.5,Pesos,788000.0,Vencido 0 a 1 mes,FVOMN,447,UGL XXIX - MORON - SAP 75288,788000.0,2,Crédito,1,1.0,,,16-07-2022,-8,FVOMN - 447,,60 dias
83,OperacionVO,0,151674,151674,552528,311,47,27,-2,18-07-2022,19-05-2022,19-05-2022,FVOMN - 448,B-0002-00001935,,INSTITUTO NACIONAL DE SERVICIOS SOCIALES PARA JUBILADOS Y PENSIONADOS,30-52276392-2,,Deudores por Ventas - Locales,Omnimedica S.A,,,788000.0,6393.51,Pesos,788000.0,A vencer 0 a 1 mes,FVOMN,448,UGL XIX  - SANTIAGO DEL ESTERO - SAP 75288,788000.0,0,Crédito,1,1.0,,,18-07-2022,-8,FVOMN - 448,,60 dias
84,OperacionVO,0,151754,151754,552689,311,47,27,-2,19-07-2022,20-05-2022,20-05-2022,FVOMN - 451,B-0002-00001938,,INSTITUTO NACIONAL DE SERVICIOS SOCIALES PARA JUBILADOS Y PENSIONADOS,30-52276392-2,,Deudores por Ventas - Locales,Omnimedica S.A,,,5550000.0,44939.27,Pesos,5550000.0,A vencer 0 a 1 mes,FVOMN,451,UGL VI - CAPITAL FEDERAL - SAP 75288,5550000.0,0,Crédito,1,1.0,,,19-07-2022,-8,FVOMN - 451,,60 dias
85,OperacionVO,0,151816,151816,552755,311,47,27,-2,19-07-2022,20-05-2022,20-05-2022,FVOMN - 452,B-0002-00001939,,INSTITUTO NACIONAL DE SERVICIOS SOCIALES PARA JUBILADOS Y PENSIONADOS,30-52276392-2,,Deudores por Ventas - Locales,Omnimedica S.A,,,3760000.0,30445.34,Pesos,3760000.0,A vencer 0 a 1 mes,FVOMN,452,UGL VI - CAPITAL FEDERAL - SAP 75288,3760000.0,0,Crédito,1,1.0,,,19-07-2022,-8,FVOMN - 452,,60 dias
86,OperacionVO,0,151827,151827,552804,311,47,27,-2,19-07-2022,20-05-2022,20-05-2022,FVOMN - 453,B-0002-00001940,,INSTITUTO NACIONAL DE SERVICIOS SOCIALES PARA JUBILADOS Y PENSIONADOS,30-52276392-2,,Deudores por Ventas - Locales,Omnimedica S.A,,,2199999.96,17813.76,Pesos,2199999.96,A vencer 0 a 1 mes,FVOMN,453,UGL VI - CAPITAL FEDERAL - SAP 75288,2199999.96,0,Crédito,1,1.0,,,19-07-2022,-8,FVOMN - 453,,60 dias
87,OperacionVO,0,151839,151839,552814,311,47,27,-2,22-07-2022,23-05-2022,23-05-2022,FVOMN - 454,B-0002-00001941,,INSTITUTO NACIONAL DE SERVICIOS SOCIALES PARA JUBILADOS Y PENSIONADOS,30-52276392-2,,Deudores por Ventas - Locales,Omnimedica S.A,,,630000.0,5101.21,Pesos,630000.0,A vencer 0 a 1 mes,FVOMN,454,UGL XXIX - MORON - SAP 75288,630000.0,0,Crédito,1,1.0,,,22-07-2022,-8,FVOMN - 454,,60 dias
88,OperacionVO,0,152186,152186,555033,311,47,27,-2,25-07-2022,26-05-2022,26-05-2022,FVOMN - 455,B-0002-00001942,,INSTITUTO NACIONAL DE SERVICIOS SOCIALES PARA JUBILADOS Y PENSIONADOS,30-52276392-2,,Deudores por Ventas - Locales,Omnimedica S.A,,,320000.0,2575.45,Pesos,320000.0,A vencer 0 a 1 mes,FVOMN,455,UGL X - LANUS - SAP 75288,320000.0,0,Crédito,1,1.0,,,25-07-2022,-8,FVOMN - 455,,60 dias
89,OperacionVO,0,152201,152201,555086,311,47,27,-2,25-07-2022,26-05-2022,26-05-2022,FVOMN - 456,B-0002-00001943,,INSTITUTO NACIONAL DE SERVICIOS SOCIALES PARA JUBILADOS Y PENSIONADOS,30-52276392-2,,Deudores por Ventas - Locales,Omnimedica S.A,,,320000.0,2575.45,Pesos,320000.0,A vencer 0 a 1 mes,FVOMN,456,UGL X - LANUS - SAP 75288,320000.0,0,Crédito,1,1.0,,,25-07-2022,-8,FVOMN - 456,,60 dias
90,OperacionVO,0,152342,152342,555307,311,47,27,-2,29-07-2022,30-05-2022,30-05-2022,FVOMN - 459,B-0002-00001946,,INSTITUTO NACIONAL DE SERVICIOS SOCIALES PARA JUBILADOS Y PENSIONADOS,30-52276392-2,,Deudores por Ventas - Locales,Omnimedica S.A,,,630000.0,5060.24,Pesos,630000.0,A vencer 0 a 1 mes,FVOMN,459,UGL V - BAHIA BLANCA - SAP 75288,630000.0,0,Crédito,1,1.0,,,29-07-2022,-8,FVOMN - 459,,60 dias
91,OperacionVO,0,152345,152345,555310,311,47,27,-2,29-07-2022,30-05-2022,30-05-2022,FVOMN - 460,B-0002-00001947,,INSTITUTO NACIONAL DE SERVICIOS SOCIALES PARA JUBILADOS Y PENSIONADOS,30-52276392-2,,Deudores por Ventas - Locales,Omnimedica S.A,,,630000.0,5060.24,Pesos,630000.0,A vencer 0 a 1 mes,FVOMN,460,UGL V - BAHIA BLANCA - SAP 75288,630000.0,0,Crédito,1,1.0,,,29-07-2022,-8,FVOMN - 460,,60 dias
92,OperacionVO,0,152376,152376,555359,311,47,27,-2,29-07-2022,30-05-2022,30-05-2022,FVOMN - 461,B-0002-00001948,,INSTITUTO NACIONAL DE SERVICIOS SOCIALES PARA JUBILADOS Y PENSIONADOS,30-52276392-2,,Deudores por Ventas - Locales,Omnimedica S.A,,,790000.0,6345.38,Pesos,790000.0,A vencer 0 a 1 mes,FVOMN,461,UGL XVII - CHUBUT - 75288,790000.0,0,Crédito,1,1.0,,,29-07-2022,-8,FVOMN - 461,,60 dias
93,OperacionVO,0,152395,152395,555402,311,47,27,-2,29-07-2022,30-05-2022,30-05-2022,FVOMN - 462,B-0002-00001949,,INSTITUTO NACIONAL DE SERVICIOS SOCIALES PARA JUBILADOS Y PENSIONADOS,30-52276392-2,,Deudores por Ventas - Locales,Omnimedica S.A,,,788000.0,6329.32,Pesos,788000.0,A vencer 0 a 1 mes,FVOMN,462,UGL VII - LA PLATA - SAP 75288,788000.0,0,Crédito,1,1.0,,,29-07-2022,-8,FVOMN - 462,,60 dias
94,OperacionVO,0,153167,153167,557518,311,47,27,-2,06-08-2022,07-06-2022,07-06-2022,FVOMN - 463,B-0002-00001950,,INSTITUTO NACIONAL DE SERVICIOS SOCIALES PARA JUBILADOS Y PENSIONADOS,30-52276392-2,,Deudores por Ventas - Locales,Omnimedica S.A,,,788000.0,6241.58,Pesos,788000.0,A vencer 0 a 1 mes,FVOMN,463,UGL VIII - SAN MARTIN - SAP 75288,788000.0,0,Crédito,1,1.0,,,06-08-2022,-8,FVOMN - 463,,60 dias
95,OperacionVO,0,153356,153356,558086,311,47,27,-2,06-08-2022,07-06-2022,07-06-2022,FVOMN - 464,B-0002-00001951,,INSTITUTO NACIONAL DE SERVICIOS SOCIALES PARA JUBILADOS Y PENSIONADOS,30-52276392-2,,Deudores por Ventas - Locales,Omnimedica S.A,,,480000.01,3801.98,Pesos,480000.01,A vencer 0 a 1 mes,FVOMN,464,UGL V - BAHIA BLANCA - SAP 75288,480000.01,0,Crédito,1,1.0,,,06-08-2022,-8,FVOMN - 464,,60 dias
96,OperacionVO,0,153716,153716,559042,311,47,27,-2,12-08-2022,13-06-2022,13-06-2022,FVOMN - 465,B-0002-00001952,,INSTITUTO NACIONAL DE SERVICIOS SOCIALES PARA JUBILADOS Y PENSIONADOS,30-52276392-2,,Deudores por Ventas - Locales,Omnimedica S.A,,,788000.0,6204.72,Pesos,788000.0,A vencer 0 a 1 mes,FVOMN,465,UGL VIII - SAN MARTIN - SAP 75288,788000.0,0,Crédito,1,1.0,,,12-08-2022,-8,FVOMN - 465,,60 dias
97,OperacionVO,0,154441,154441,560775,311,47,27,-2,15-08-2022,15-06-2022,15-06-2022,FVOMN - 466,B-0002-00001953,,INSTITUTO NACIONAL DE SERVICIOS SOCIALES PARA JUBILADOS Y PENSIONADOS,30-52276392-2,,Deudores por Ventas - Locales,Omnimedica S.A,,,1100000.0,8627.45,Pesos,1100000.0,A vencer 0 a 1 mes,FVOMN,466,UGL I - TUCUMAN - SAP 75288,1100000.0,0,Crédito,1,1.0,,,15-08-2022,-8,FVOMN - 466,,60 dias
98,OperacionVO,0,154556,154556,561089,311,47,27,-2,20-08-2022,21-06-2022,21-06-2022,FVOMN - 468,B-0002-00001955,,INSTITUTO NACIONAL DE SERVICIOS SOCIALES PARA JUBILADOS Y PENSIONADOS,30-52276392-2,,Deudores por Ventas - Locales,Omnimedica S.A,,,788000.0,6168.3,Pesos,788000.0,A vencer 1 a 2 meses,FVOMN,468,UGL VIII - SAN MARTIN - SAP 75288,788000.0,0,Crédito,1,1.0,,,20-08-2022,-8,FVOMN - 468,,60 dias
99,OperacionVO,0,154582,154582,561149,311,47,27,-2,21-08-2022,22-06-2022,22-06-2022,FVOMN - 469,B-0002-00001956,,INSTITUTO NACIONAL DE SERVICIOS SOCIALES PARA JUBILADOS Y PENSIONADOS,30-52276392-2,,Deudores por Ventas - Locales,Omnimedica S.A,,,788000.0,6132.3,Pesos,788000.0,A vencer 1 a 2 meses,FVOMN,469,UGL VIII - SAN MARTIN - SAP 75288,788000.0,0,Crédito,1,1.0,,,21-08-2022,-8,FVOMN - 469,,60 dias
100,OperacionVO,0,154584,154584,561152,311,47,27,-2,21-08-2022,22-06-2022,22-06-2022,FVOMN - 470,B-0002-00001957,,INSTITUTO NACIONAL DE SERVICIOS SOCIALES PARA JUBILADOS Y PENSIONADOS,30-52276392-2,,Deudores por Ventas - Locales,Omnimedica S.A,,,788000.0,6132.3,Pesos,788000.0,A vencer 1 a 2 meses,FVOMN,470,UGL VII - LA PLATA - SAP 75288,788000.0,0,Crédito,1,1.0,,,21-08-2022,-8,FVOMN - 470,,60 dias
101,OperacionVO,0,155351,155351,563957,311,47,27,-2,26-08-2022,27-06-2022,27-06-2022,FVOMN - 471,B-0002-00001958,,INSTITUTO NACIONAL DE SERVICIOS SOCIALES PARA JUBILADOS Y PENSIONADOS,30-52276392-2,,Deudores por Ventas - Locales,Omnimedica S.A,,,890000.0,6912.62,Pesos,890000.0,A vencer 1 a 2 meses,FVOMN,471,UGL V - BAHIA BLANCA - SAP 75288,890000.0,0,Crédito,1,1.0,,,26-08-2022,-8,FVOMN - 471,,60 dias
102,OperacionVO,0,155357,155357,563964,311,47,27,-2,26-08-2022,27-06-2022,27-06-2022,FVOMN - 472,B-0002-00001959,,INSTITUTO NACIONAL DE SERVICIOS SOCIALES PARA JUBILADOS Y PENSIONADOS,30-52276392-2,,Deudores por Ventas - Locales,Omnimedica S.A,,,788000.0,6120.39,Pesos,788000.0,A vencer 1 a 2 meses,FVOMN,472,UGL VIII - SAN MARTIN - SAP 75288,788000.0,0,Crédito,1,1.0,,,26-08-2022,-8,FVOMN - 472,,60 dias
103,OperacionVO,0,155359,155359,563970,311,47,27,-2,26-08-2022,27-06-2022,27-06-2022,FVOMN - 473,B-0002-00001960,,INSTITUTO NACIONAL DE SERVICIOS SOCIALES PARA JUBILADOS Y PENSIONADOS,30-52276392-2,,Deudores por Ventas - Locales,Omnimedica S.A,,,215000.0,1669.9,Pesos,215000.0,A vencer 1 a 2 meses,FVOMN,473,UGL VIII - SAN MARTIN - SAP 75288,215000.0,0,Crédito,1,1.0,,,26-08-2022,-8,FVOMN - 473,,60 dias
104,OperacionVO,0,155388,155388,564050,311,47,27,-2,26-08-2022,27-06-2022,27-06-2022,FVOMN - 474,B-0002-00001961,,INSTITUTO NACIONAL DE SERVICIOS SOCIALES PARA JUBILADOS Y PENSIONADOS,30-52276392-2,,Deudores por Ventas - Locales,Omnimedica S.A,,,630000.0,4893.2,Pesos,630000.0,A vencer 1 a 2 meses,FVOMN,474,UGL V - BAHIA BLANCA - SAP 75288,630000.0,0,Crédito,1,1.0,,,26-08-2022,-8,FVOMN - 474,,60 dias
105,OperacionVO,0,155444,155444,564176,311,47,27,-2,27-08-2022,28-06-2022,28-06-2022,FVOMN - 475,B-0002-00001962,,INSTITUTO NACIONAL DE SERVICIOS SOCIALES PARA JUBILADOS Y PENSIONADOS,30-52276392-2,,Deudores por Ventas - Locales,Omnimedica S.A,,,350000.0,2697.5,Pesos,350000.0,A vencer 1 a 2 meses,FVOMN,475,UGL X - LANUS - SAP 75288,350000.0,0,Crédito,1,1.0,,,27-08-2022,-8,FVOMN - 475,,60 dias
106,OperacionVO,0,155507,155507,564369,311,47,27,-2,27-08-2022,28-06-2022,28-06-2022,FVOMN - 476,B-0002-00001963,,INSTITUTO NACIONAL DE SERVICIOS SOCIALES PARA JUBILADOS Y PENSIONADOS,30-52276392-2,,Deudores por Ventas - Locales,Omnimedica S.A,,,350000.0,2697.5,Pesos,350000.0,A vencer 1 a 2 meses,FVOMN,476,UGL X - LANUS - SAP 75288,350000.0,0,Crédito,1,1.0,,,27-08-2022,-8,FVOMN - 476,,60 dias
107,OperacionVO,0,155511,155511,564377,311,47,27,-2,27-08-2022,28-06-2022,28-06-2022,FVOMN - 477,B-0002-00001964,,INSTITUTO NACIONAL DE SERVICIOS SOCIALES PARA JUBILADOS Y PENSIONADOS,30-52276392-2,,Deudores por Ventas - Locales,Omnimedica S.A,,,215000.0,1657.03,Pesos,215000.0,A vencer 1 a 2 meses,FVOMN,477,UGL VIII - SAN MARTIN - SAP 75288,215000.0,0,Crédito,1,1.0,,,27-08-2022,-8,FVOMN - 477,,60 dias
108,OperacionVO,0,155537,155537,564443,311,47,27,-2,27-08-2022,28-06-2022,28-06-2022,FVOMN - 478,B-0002-00001965,,INSTITUTO NACIONAL DE SERVICIOS SOCIALES PARA JUBILADOS Y PENSIONADOS,30-52276392-2,,Deudores por Ventas - Locales,Omnimedica S.A,,,890000.0,6859.34,Pesos,890000.0,A vencer 1 a 2 meses,FVOMN,478,UGL I - TUCUMAN - SAP 75288,890000.0,0,Crédito,1,1.0,,,27-08-2022,-8,FVOMN - 478,,60 dias
109,OperacionVO,0,156016,156016,565353,311,47,27,-2,02-09-2022,04-07-2022,04-07-2022,FVOMN - 479,B-0002-00001966,,INSTITUTO NACIONAL DE SERVICIOS SOCIALES PARA JUBILADOS Y PENSIONADOS,30-52276392-2,,Deudores por Ventas - Locales,Omnimedica S.A,,,680000.0,5220.73,Pesos,680000.0,A vencer 1 a 2 meses,FVOMN,479,UGL XVII - CHUBUT - 75288,680000.0,0,Crédito,1,1.0,,,02-09-2022,-8,FVOMN - 479,,60 dias
110,OperacionVO,0,156456,156456,566522,311,47,27,-2,05-09-2022,07-07-2022,07-07-2022,FVOMN - 480,B-0002-00001967,,INSTITUTO NACIONAL DE SERVICIOS SOCIALES PARA JUBILADOS Y PENSIONADOS,30-52276392-2,,Deudores por Ventas - Locales,Omnimedica S.A,,,1200000.0,9108.16,Pesos,1200000.0,A vencer 1 a 2 meses,FVOMN,480,UGL I - TUCUMAN - SAP 75288,1200000.0,0,Crédito,1,1.0,,,05-09-2022,-8,FVOMN - 480,,60 dias
111,OperacionVO,0,156543,156543,566751,311,47,27,-2,06-09-2022,08-07-2022,08-07-2022,FVOMN - 481,B-0002-00001968,,INSTITUTO NACIONAL DE SERVICIOS SOCIALES PARA JUBILADOS Y PENSIONADOS,30-52276392-2,,Deudores por Ventas - Locales,Omnimedica S.A,,,820000.0,6200.38,Pesos,820000.0,A vencer 1 a 2 meses,FVOMN,481,UGL VIII - SAN MARTIN - SAP 75288,820000.0,0,Crédito,1,1.0,,,06-09-2022,-8,FVOMN - 481,,60 dias
112,OperacionVO,0,156572,156572,566813,311,47,27,-2,06-09-2022,08-07-2022,08-07-2022,FVOMN - 482,B-0002-00001969,,INSTITUTO NACIONAL DE SERVICIOS SOCIALES PARA JUBILADOS Y PENSIONADOS,30-52276392-2,,Deudores por Ventas - Locales,Omnimedica S.A,,,820000.0,6200.38,Pesos,820000.0,A vencer 1 a 2 meses,FVOMN,482,UGL VI - CAPITAL FEDERAL - SAP 75288,820000.0,0,Crédito,1,1.0,,,06-09-2022,-8,FVOMN - 482,,60 dias
113,OperacionVO,0,156604,156604,566895,311,47,27,-2,06-09-2022,08-07-2022,08-07-2022,FVOMN - 483,B-0002-00001970,,INSTITUTO NACIONAL DE SERVICIOS SOCIALES PARA JUBILADOS Y PENSIONADOS,30-52276392-2,,Deudores por Ventas - Locales,Omnimedica S.A,,,788000.0,5958.41,Pesos,788000.0,A vencer 1 a 2 meses,FVOMN,483,UGL VI - CAPITAL FEDERAL - SAP 75288,788000.0,0,Crédito,1,1.0,,,06-09-2022,-8,FVOMN - 483,,60 dias
114,OperacionVO,0,156843,156843,567521,311,47,27,-2,09-09-2022,11-07-2022,11-07-2022,FVOMN - 484,B-0002-00001971,,INSTITUTO NACIONAL DE SERVICIOS SOCIALES PARA JUBILADOS Y PENSIONADOS,30-52276392-2,,Deudores por Ventas - Locales,Omnimedica S.A,,,788000.0,5913.7,Pesos,788000.0,A vencer 1 a 2 meses,FVOMN,484,UGL VIII - SAN MARTIN - SAP 75288,788000.0,0,Crédito,1,1.0,,,09-09-2022,-8,FVOMN - 484,,60 dias
115,OperacionVO,0,156876,156876,567613,311,47,27,-2,09-09-2022,11-07-2022,11-07-2022,FVOMN - 486,B-0002-00001973,,INSTITUTO NACIONAL DE SERVICIOS SOCIALES PARA JUBILADOS Y PENSIONADOS,30-52276392-2,,Deudores por Ventas - Locales,Omnimedica S.A,,,820000.0,6153.85,Pesos,820000.0,A vencer 1 a 2 meses,FVOMN,486,UGL XXXVII - QUILMES - SAP 75288,820000.0,0,Crédito,1,1.0,,,09-09-2022,-8,FVOMN - 486,,60 dias
116,OperacionVO,0,156924,156924,567756,311,47,27,-2,09-09-2022,11-07-2022,11-07-2022,FVOMN - 487,B-0002-00001974,,INSTITUTO NACIONAL DE SERVICIOS SOCIALES PARA JUBILADOS Y PENSIONADOS,30-52276392-2,,Deudores por Ventas - Locales,Omnimedica S.A,,,470000.0,3527.2,Pesos,470000.0,A vencer 1 a 2 meses,FVOMN,487,UGL X - LANUS - SAP 75288,470000.0,0,Crédito,1,1.0,,,09-09-2022,-8,FVOMN - 487,,60 dias
117,OperacionVO,0,156939,156939,567787,311,47,27,-2,09-09-2022,11-07-2022,11-07-2022,FVOMN - 488,B-0002-00001975,,INSTITUTO NACIONAL DE SERVICIOS SOCIALES PARA JUBILADOS Y PENSIONADOS,30-52276392-2,,Deudores por Ventas - Locales,Omnimedica S.A,,,2900000.0,21763.6,Pesos,2900000.0,A vencer 1 a 2 meses,FVOMN,488,UGL XXXII - LUJAN - SAP 75288,2900000.0,0,Crédito,1,1.0,,,09-09-2022,-8,FVOMN - 488,,60 dias
118,OperacionVO,0,158432,158432,574111,311,47,27,-2,16-09-2022,18-07-2022,18-07-2022,FVOMN - 489,B-0002-00001976,,INSTITUTO NACIONAL DE SERVICIOS SOCIALES PARA JUBILADOS Y PENSIONADOS,30-52276392-2,,Deudores por Ventas - Locales,Omnimedica S.A,,,900000.0,6666.67,Pesos,900000.0,A vencer 1 a 2 meses,FVOMN,489,UGL X - LANUS - SAP 75288,900000.0,0,Crédito,1,1.0,,,16-09-2022,-8,FVOMN - 489,,60 dias
119,OperacionVO,0,4381,4381,10049,315,52,27,-2,16-09-2017,17-08-2017,17-08-2017,FVOMN - 10,A-0001-00000005,,INVESTIGACIONES VASCULARES S.A.,30-69351190-5,,Deudores por Ventas - Locales,Omnimedica Pruebas,,,249514.1,14677.3,Pesos,249514.1,Vencido más de 6 meses,FVOMN,10,,249514.1,1766,Crédito,1,1.0,,,11-06-2018,-8,FVOMN - 10,,CHEQUE ANTICIPADO 30 dias
120,OperacionVO,0,4250,4250,10007,272,53,45,1,27-07-2017,27-07-2017,27-07-2017,FCI - 5,,,IVANCAN S.R.L.,30-71226041-2,,Proveedores Locales,Prueba,,,-8500.0,-500.0,Dólares,-500.0,Vencido más de 6 meses,FCI,5,,-67500.0,1817,Débito,-1,17.0,,,11-06-2018,-10,FCI - 5,,Contado Efectivo
121,OperacionVO,0,4355,4355,10011,272,53,27,-2,15-08-2017,15-08-2017,15-08-2017,FVOMN - 7,A-0001-00000004,,IVANCAN S.R.L.,30-71226041-2,,Deudores por Ventas - Locales,Omnimedica Pruebas,,,280780.5,16516.5,Pesos,280780.5,Vencido más de 6 meses,FVOMN,7,,280780.5,1798,Crédito,1,1.0,,,11-06-2018,-8,FVOMN - 7,,TRANSFERENCIA ANTICIPADA
122,OperacionVO,0,156533,156533,566720,909,JK,27,-2,06-08-2022,07-07-2022,07-07-2022,FACTVENELEC - 3193,A-0005-00002364,,JK MEDICAL SRL,30-71568803-0,,Deudores por Ventas - Locales,Omnimedica S.A,,,990000.0,7485.82,Pesos,990000.0,A vencer 0 a 1 mes,FACTVENELEC,3193,,990000.0,0,Crédito,1,1.0,,,06-08-2022,-8,FACTVENELEC - 3193,Matias Eboli,CHEQUE A 30 DIAS
123,MovimientoFondosVO,0,132284,132284,489433,1753,MAYNAR,322,-2,20-12-2021,27-12-2021,27-12-2021,MOVFONDOS - 5562,MF-0001-00005555,,MAYNAR A G SA,30-68749130-7,Anticipo Maynar,Anticipos a Proveedores,Omnimedica S.A,,,3661680.05,34221.31,Pesos,3661680.05,Vencido más de 6 meses,MOVFONDOS,5562,,3661680.05,210,Crédito,1,1.0,,,20-12-2021,-32,MOVFONDOS - 5562,,
124,MovimientoFondosVO,0,134743,134743,497892,1753,MAYNAR,45,-2,25-01-2022,25-01-2022,25-01-2022,MOVFONDOS - 5645,MF-0001-00005638,,MAYNAR A G SA,30-68749130-7,CANCELACION PAGO POR ADELANTADO MAYNAR,Proveedores Locales,Omnimedica S.A,,,29749.6,271.69,Pesos,29749.6,Vencido 3 a 6 meses,MOVFONDOS,5645,,29749.6,174,Crédito,1,1.0,,,25-01-2022,-32,MOVFONDOS - 5645,,
125,MovimientoFondosVO,0,134743,134743,497893,1753,MAYNAR,322,-2,25-01-2022,25-01-2022,25-01-2022,MOVFONDOS - 5645,MF-0001-00005638,,MAYNAR A G SA,30-68749130-7,CANCELACION PAGO POR ADELANTADO MAYNAR,Anticipos a Proveedores,Omnimedica S.A,,,-3661680.05,-33440.0,Pesos,-3661680.05,Vencido 3 a 6 meses,MOVFONDOS,5645,,-3661680.05,174,Débito,-1,1.0,,,25-01-2022,-32,MOVFONDOS - 5645,,
126,OperacionVO,0,15300,15300,32029,273,56,27,-2,04-04-2018,05-03-2018,05-03-2018,FDVEII - 28,,,MEDICINA ENDOVASCULAR S.R.L.,30-71448647-7,,Deudores por Ventas - Locales,Prueba,,,1.0,0.05,Pesos,1.0,Vencido más de 6 meses,FDVEII,28,,1.0,1566,Crédito,1,1.0,,,11-06-2018,-8,FDVEII - 28,,CHEQUE ANTICIPADO 30 dias
127,OperacionVO,0,157518,157518,569345,1207,MEDICUS,27,-2,13-08-2022,14-07-2022,14-07-2022,FCE - 500,A-0007-00000453,,MEDICUS S.A. DE ASIST MEDICA Y CIENTIFICA,30-54677131-4,,Deudores por Ventas - Locales,Omnimedica S.A,,,1314911.17,9740.08,Pesos,1314911.17,A vencer 0 a 1 mes,FCE,500,,1314911.17,0,Crédito,1,1.0,,,13-08-2022,-8,FCE - 500,,30 dias F/P/F
128,OperacionVO,0,15301,15301,32032,268,40,27,-2,04-04-2018,05-03-2018,05-03-2018,FVOMN - 18,,,MINISTERIO DE SALUD PCIA BS AS,30-62698339-8,,Deudores por Ventas - Locales,Prueba,,,9680.0,472.2,Pesos,9680.0,Vencido más de 6 meses,FVOMN,18,,9680.0,1566,Crédito,1,1.0,,,11-06-2018,-8,FVOMN - 18,,30 dias
129,OperacionVO,0,89624,89624,337914,268,40,27,-2,15-10-2020,15-09-2020,15-09-2020,NCVEE - 260,B-0005-00000075,,MINISTERIO DE SALUD PCIA BS AS,30-62698339-8,,Deudores por Ventas - Locales,Omnimedica S.A,,,-449999.99,-5696.2,Pesos,-449999.99,Vencido más de 6 meses,NCVEE,260,,-449999.99,641,Débito,-1,1.0,,,15-10-2020,-8,NCVEE - 260,,30 dias
130,OperacionVO,0,158344,158344,573962,268,40,27,-2,14-08-2022,15-07-2022,15-07-2022,NDVTAELE - 31,B-0005-00000008,,MINISTERIO DE SALUD PCIA BS AS,30-62698339-8,,Deudores por Ventas - Locales,Omnimedica S.A,,,449999.99,3333.33,Pesos,449999.99,A vencer 0 a 1 mes,NDVTAELE,31,,449999.99,0,Crédito,1,1.0,,,14-08-2022,-8,NDVTAELE - 31,,30 dias
131,OperacionVO,0,119293,119293,448511,324,64,27,-2,09-12-2021,10-09-2021,10-09-2021,FACTVENELEC - 2662,A-0001-00000010,,MTG GROUP S.R.L.,30-71130163-8,,Deudores por Ventas - Locales,Omnimedica Pruebas,,,750000.0,7263.92,Pesos,750000.0,Vencido más de 6 meses,FACTVENELEC,2662,,750000.0,221,Crédito,1,1.0,,,09-12-2021,-8,FACTVENELEC - 2662,,CHEQUE ANTICIPADO 90 dias
132,OperacionVO,0,4191,4191,9793,275,65,27,-2,18-08-2017,19-07-2017,19-07-2017,FACTVEN - 3,B-0001-00000001,,MUNICIPALIDAD DE LA MATANZA,34-99925756-0,,Deudores por Ventas - Locales,Omnimedica Pruebas,,,266200.0,15658.82,Pesos,266200.0,Vencido más de 6 meses,FACTVEN,3,,266200.0,1795,Crédito,1,1.0,,,11-06-2018,-8,FACTVEN - 3,,30 dias
133,OperacionVO,0,15267,15267,31930,275,65,27,-2,01-04-2018,02-03-2018,02-03-2018,FACTVENELEC - 358,,,MUNICIPALIDAD DE LA MATANZA,34-99925756-0,,Deudores por Ventas - Locales,Prueba,,,1.21,0.06,Pesos,1.21,Vencido más de 6 meses,FACTVENELEC,358,,1.21,1569,Crédito,1,1.0,,,11-06-2018,-8,FACTVENELEC - 358,,30 dias
134,OperacionVO,0,3633,3633,9514,276,66,45,-2,14-12-2016,14-12-2016,14-12-2016,FC - 4,A-0001-00000023,,MUTUAL FED 25 DE JUNIO SOC. DE PROTRECCION RECIPROCA,30-54159260-8,,Proveedores Locales,Omnimedica Pruebas,,,-13150.0,-2630.0,Pesos,-13150.0,Vencido más de 6 meses,FC,4,,-13150.0,2042,Débito,-1,1.0,,,11-06-2018,-10,,,Contado Efectivo
135,OperacionVO,0,16283,16283,33780,276,66,45,1,18-04-2018,03-04-2018,03-04-2018,FCI - 56,,,MUTUAL FED 25 DE JUNIO SOC. DE PROTRECCION RECIPROCA,30-54159260-8,,Proveedores Locales,Omnimedica Pruebas,,,-20470.45,-1001.0,Dólares,-1001.0,Vencido más de 6 meses,FCI,56,,-135135.0,1552,Débito,-1,20.45,,,11-06-2018,-10,FCI - 56,,15 dias
136,OperacionTesoreriaVO,0,3726,3726,9607,636,104,45,-2,01-02-2017,01-02-2017,01-02-2017,PAGO - 5,P-0002-00000002,,No usar,,,Proveedores Locales,Omnimedica Pruebas,,,4000.0,800.0,Pesos,4000.0,Vencido más de 6 meses,PAGO,5,,4000.0,1993,Crédito,1,1.0,,,01-02-2017,-31,PAGO - 5,,
137,AsientoGenericoVO,0,132347,132347,489575,1449,OSDEPYM,394,-2,28-12-2021,28-12-2021,28-12-2021,AG - 1088,,,"OBRA SOCIAL DE EMPRESARIOS, PROFESIONALES Y MONOTRIBUTISTAS O S D E P  Y  M",30-58666171-6,AJUSTE DEUDORES POR VENTAS LOCAL A ANTICIPO DE CLIENTE (OSDEPYM FC A 2043),Anticipos de Clientes,Omnimedica S.A,,,-660000.02,-6139.54,Pesos,-660000.02,Vencido más de 6 meses,AG,1088,,-660000.02,202,Débito,-1,1.0,,,28-12-2021,-19,AG - 1088,,
138,OperacionVO,0,155917,155917,565044,1273,OSSEG,27,-2,02-07-2022,01-07-2022,01-07-2022,FCE - 492,A-0007-00000445,,"OBRA SOCIAL DE LA ACT DE SEG Y REASEG, CAP Y AHORRO Y PREST P/VIVIENDA",30-50005352-2,,Deudores por Ventas - Locales,Omnimedica S.A,,,1450000.0,11153.85,Pesos,1450000.0,Vencido 0 a 1 mes,FCE,492,,1450000.0,16,Crédito,1,1.0,,,02-07-2022,-8,FCE - 492,,TRANSFERENCIA ANTICIPADA
139,OperacionVO,0,4204,4204,9834,545,84,27,-2,19-07-2017,19-07-2017,19-07-2017,FVOMN - 2,B-0001-00000002,,OBRA SOCIAL DE LOS EMPLEADOS DE COMERCIO Y ACTIVIDADES CIVILES OSECAC,30-55027355-8,,Deudores por Ventas - Locales,Omnimedica Pruebas,,,302849.09,17814.65,Pesos,302849.09,Vencido más de 6 meses,FVOMN,2,,302849.09,1825,Crédito,1,1.0,,,11-06-2018,-8,FVOMN - 2,,Contado Efectivo
140,OperacionVO,0,4368,4368,10029,545,84,27,-2,15-09-2017,16-08-2017,16-08-2017,FVOMN - 9,B-0001-00000005,,OBRA SOCIAL DE LOS EMPLEADOS DE COMERCIO Y ACTIVIDADES CIVILES OSECAC,30-55027355-8,,Deudores por Ventas - Locales,Omnimedica Pruebas,,,94380.0,5551.76,Pesos,94380.0,Vencido más de 6 meses,FVOMN,9,,94380.0,1767,Crédito,1,1.0,,,11-06-2018,-8,FVOMN - 9,,CHEQUE ANTICIPADO 30 dias
141,OperacionVO,0,149655,149655,547353,545,84,27,-2,05-06-2022,06-05-2022,06-05-2022,FACTVENELEC - 3078,B-0005-00000888,,OBRA SOCIAL DE LOS EMPLEADOS DE COMERCIO Y ACTIVIDADES CIVILES OSECAC,30-55027355-8,,Deudores por Ventas - Locales,Omnimedica S.A,,,370000.0,3051.55,Pesos,370000.0,Vencido 1 a 2 meses,FACTVENELEC,3078,,370000.0,43,Crédito,1,1.0,,,05-06-2022,-8,FACTVENELEC - 3078,,30 dias
142,OperacionVO,0,150269,150269,548912,545,84,27,-2,10-06-2022,11-05-2022,11-05-2022,FACTVENELEC - 3085,B-0005-00000889,,OBRA SOCIAL DE LOS EMPLEADOS DE COMERCIO Y ACTIVIDADES CIVILES OSECAC,30-55027355-8,,Deudores por Ventas - Locales,Omnimedica S.A,,,370000.01,3032.79,Pesos,370000.01,Vencido 1 a 2 meses,FACTVENELEC,3085,,370000.01,38,Crédito,1,1.0,,,10-06-2022,-8,FACTVENELEC - 3085,,30 dias
143,OperacionVO,0,152388,152388,555373,545,84,27,-2,29-06-2022,30-05-2022,30-05-2022,FACTVENELEC - 3122,B-0005-00000897,,OBRA SOCIAL DE LOS EMPLEADOS DE COMERCIO Y ACTIVIDADES CIVILES OSECAC,30-55027355-8,,Deudores por Ventas - Locales,Omnimedica S.A,,,295000.0,2369.48,Pesos,295000.0,Vencido 0 a 1 mes,FACTVENELEC,3122,,295000.0,19,Crédito,1,1.0,,,29-06-2022,-8,FACTVENELEC - 3122,,30 dias
144,OperacionVO,0,154501,154501,560935,545,84,27,-2,21-07-2022,21-06-2022,21-06-2022,FACTVENELEC - 3160,B-0005-00000909,,OBRA SOCIAL DE LOS EMPLEADOS DE COMERCIO Y ACTIVIDADES CIVILES OSECAC,30-55027355-8,,Deudores por Ventas - Locales,Omnimedica S.A,,,1740000.0,13620.35,Pesos,1740000.0,A vencer 0 a 1 mes,FACTVENELEC,3160,,1740000.0,0,Crédito,1,1.0,,,21-07-2022,-8,FACTVENELEC - 3160,,30 dias
145,OperacionVO,0,154174,154174,560151,547,86,27,-2,14-07-2022,14-06-2022,14-06-2022,FCE - 476,A-0007-00000430,,OBRA SOCIAL DE PETROLEROS O S PE,30-66187671-5,,Deudores por Ventas - Locales,Omnimedica S.A,,,350000.0,2750.49,Pesos,350000.0,Vencido 0 a 1 mes,FCE,476,,350000.0,4,Crédito,1,1.0,,,14-07-2022,-8,FCE - 476,,30 dias F/P/F
146,OperacionTesoreriaVO,0,142750,142750,516612,542,76,394,-2,23-03-2022,23-03-2022,23-03-2022,COBRANZA - 2746,X-0002-00000434,,OBRA SOCIAL UNION PERSONAL DE LA UNION DEL PERSONAL CIVIL DE LA NACIÓN,30-68303222-7,,Anticipos de Clientes,Omnimedica S.A,,,-24064.44,-209.71,Pesos,-24064.44,Vencido 3 a 6 meses,COBRANZA,2746,,-24064.44,117,Débito,-1,1.0,,,23-03-2022,-30,COBRANZA - 2746,,
147,OperacionVO,0,154380,154380,560625,542,76,27,-2,14-07-2022,14-06-2022,14-06-2022,FCE - 477,A-0007-00000431,,OBRA SOCIAL UNION PERSONAL DE LA UNION DEL PERSONAL CIVIL DE LA NACIÓN,30-68303222-7,,Deudores por Ventas - Locales,Omnimedica S.A,,,1109749.99,8721.02,Pesos,1109749.99,Vencido 0 a 1 mes,FCE,477,,1109749.99,4,Crédito,1,1.0,,,14-07-2022,-8,FCE - 477,,30 dias
148,OperacionVO,0,155068,155068,563192,542,76,27,-2,24-07-2022,24-06-2022,24-06-2022,FCE - 481,A-0007-00000435,,OBRA SOCIAL UNION PERSONAL DE LA UNION DEL PERSONAL CIVIL DE LA NACIÓN,30-68303222-7,,Deudores por Ventas - Locales,Omnimedica S.A,,,2660026.79,20660.4,Pesos,2660026.79,A vencer 0 a 1 mes,FCE,481,,2660026.79,0,Crédito,1,1.0,,,24-07-2022,-8,FCE - 481,,30 dias
149,OperacionVO,0,155073,155073,563200,542,76,27,-2,24-07-2022,24-06-2022,24-06-2022,FCE - 482,A-0007-00000436,,OBRA SOCIAL UNION PERSONAL DE LA UNION DEL PERSONAL CIVIL DE LA NACIÓN,30-68303222-7,,Deudores por Ventas - Locales,Omnimedica S.A,,,429999.99,3339.81,Pesos,429999.99,A vencer 0 a 1 mes,FCE,482,,429999.99,0,Crédito,1,1.0,,,24-07-2022,-8,FCE - 482,,30 dias
150,OperacionVO,0,155077,155077,563205,542,76,27,-2,24-07-2022,24-06-2022,24-06-2022,FACTVENELEC - 3166,A-0005-00002343,,OBRA SOCIAL UNION PERSONAL DE LA UNION DEL PERSONAL CIVIL DE LA NACIÓN,30-68303222-7,,Deudores por Ventas - Locales,Omnimedica S.A,,,71250.02,553.4,Pesos,71250.02,A vencer 0 a 1 mes,FACTVENELEC,3166,,71250.02,0,Crédito,1,1.0,,,24-07-2022,-8,FACTVENELEC - 3166,,30 dias
151,OperacionVO,0,155253,155253,563700,542,76,27,-2,27-07-2022,27-06-2022,27-06-2022,FCE - 483,A-0007-00000437,,OBRA SOCIAL UNION PERSONAL DE LA UNION DEL PERSONAL CIVIL DE LA NACIÓN,30-68303222-7,,Deudores por Ventas - Locales,Omnimedica S.A,,,2163100.01,16800.78,Pesos,2163100.01,A vencer 0 a 1 mes,FCE,483,,2163100.01,0,Crédito,1,1.0,,,27-07-2022,-8,FCE - 483,,30 dias
152,OperacionVO,0,155257,155257,563706,542,76,27,-2,27-07-2022,27-06-2022,27-06-2022,FCE - 484,A-0007-00000438,,OBRA SOCIAL UNION PERSONAL DE LA UNION DEL PERSONAL CIVIL DE LA NACIÓN,30-68303222-7,,Deudores por Ventas - Locales,Omnimedica S.A,,,1250000.01,9708.74,Pesos,1250000.01,A vencer 0 a 1 mes,FCE,484,,1250000.01,0,Crédito,1,1.0,,,27-07-2022,-8,FCE - 484,,30 dias
153,OperacionVO,0,156643,156643,566982,542,76,27,-2,07-08-2022,08-07-2022,08-07-2022,FCE - 495,A-0007-00000448,,OBRA SOCIAL UNION PERSONAL DE LA UNION DEL PERSONAL CIVIL DE LA NACIÓN,30-68303222-7,,Deudores por Ventas - Locales,Omnimedica S.A,,,2801000.01,21179.58,Pesos,2801000.01,A vencer 0 a 1 mes,FCE,495,,2801000.01,0,Crédito,1,1.0,,,07-08-2022,-8,FCE - 495,,30 dias
154,AsientoGenericoVO,0,110680,110680,410066,634,77,394,-2,22-06-2021,22-06-2021,22-06-2021,AG - 922,,,OMINT SOCIEDAD ANONIMA DE SERVICIOS,30-55024530-9,PAGO OMINT - SALDO A FAVOR,Anticipos de Clientes,Omnimedica S.A,,,-33600.0,-335.16,Pesos,-33600.0,Vencido más de 6 meses,AG,922,,-33600.0,391,Débito,-1,1.0,,,22-06-2021,-19,AG - 922,,
155,OperacionVO,0,157069,157069,568073,634,77,27,-2,12-08-2022,13-07-2022,13-07-2022,FCE - 497,A-0007-00000450,,OMINT SOCIEDAD ANONIMA DE SERVICIOS,30-55024530-9,,Deudores por Ventas - Locales,Omnimedica S.A,,,1164256.2,8640.12,Pesos,1164256.2,A vencer 0 a 1 mes,FCE,497,,1164256.2,0,Crédito,1,1.0,,,12-08-2022,-8,FCE - 497,,30 dias
156,OperacionVO,0,6310,6310,13285,791,CDPRUE,27,-2,17-11-2017,18-10-2017,18-10-2017,FDVOII - 1,,,Omnimedica,,,Deudores por Ventas - Locales,Prueba,,,12100.0,689.46,Pesos,12100.0,Vencido más de 6 meses,FDVOII,1,,12100.0,1704,Crédito,1,1.0,,,11-06-2018,-8,FDVOII - 1,,30 dias
157,OperacionVO,0,155647,155647,564548,2542,ORTOPEDIA SAN JORGE,27,-2,29-07-2022,29-06-2022,29-06-2022,FACTVENELEC - 3179,A-0005-00002353,,ORTOPEDIA SAN JORGE S.A.,30-70940240-0,,Deudores por Ventas - Locales,Omnimedica S.A,,,1745867.76,13455.63,Pesos,1745867.76,A vencer 0 a 1 mes,FACTVENELEC,3179,,1745867.76,0,Crédito,1,1.0,,,29-07-2022,-8,FACTVENELEC - 3179,,30 dias F/P/F
158,OperacionVO,0,155812,155812,564699,2542,ORTOPEDIA SAN JORGE,27,-2,30-07-2022,30-06-2022,30-06-2022,FACTVENELEC - 3181,A-0005-00002355,,ORTOPEDIA SAN JORGE S.A.,30-70940240-0,,Deudores por Ventas - Locales,Omnimedica S.A,,,1229338.83,9474.67,Pesos,1229338.83,A vencer 0 a 1 mes,FACTVENELEC,3181,,1229338.83,0,Crédito,1,1.0,,,30-07-2022,-8,FACTVENELEC - 3181,,30 dias F/P/F
159,OperacionVO,0,111414,111414,411453,277,80,394,-2,05-07-2021,05-07-2021,05-07-2021,FACTVENELEC - 2517,A-0001-00000009,,ORTOPEDIA SANTA LUCIA SRL,30-70890803-3,,Anticipos de Clientes,Omnimedica Pruebas,,,-350000.0,-3473.95,Pesos,-350000.0,Vencido más de 6 meses,FACTVENELEC,2517,,-350000.0,378,Débito,-1,1.0,,,05-07-2021,-8,FACTVENELEC - 2517,,Contado Efectivo
160,OperacionVO,0,154566,154566,561113,277,80,27,-2,21-07-2022,21-06-2022,21-06-2022,FACTVENELEC - 3161,A-0005-00002339,,ORTOPEDIA SANTA LUCIA SRL,30-70890803-3,,Deudores por Ventas - Locales,Omnimedica S.A,,,760000.03,5949.12,Pesos,760000.03,A vencer 0 a 1 mes,FACTVENELEC,3161,,760000.03,0,Crédito,1,1.0,,,21-07-2022,-8,FACTVENELEC - 3161,,30 dias
161,OperacionVO,0,158431,158431,574107,277,80,27,-2,17-08-2022,18-07-2022,18-07-2022,FACTVENELEC - 3205,A-0005-00002373,,ORTOPEDIA SANTA LUCIA SRL,30-70890803-3,,Deudores por Ventas - Locales,Omnimedica S.A,,,990000.0,7333.33,Pesos,990000.0,A vencer 0 a 1 mes,FACTVENELEC,3205,,990000.0,0,Crédito,1,1.0,,,17-08-2022,-8,FACTVENELEC - 3205,,CHEQUE ANTICIPADO 30 dias
162,OperacionVO,0,4228,4228,9868,635,83,27,-2,25-08-2017,26-07-2017,26-07-2017,FVOMN - 3,A-0001-00000003,,OSDE ORGANIZACION DE SERVICIOS DIRECTOS EMPRESARIOS,30-54674125-3,,Deudores por Ventas - Locales,Omnimedica Pruebas,,,94380.0,5551.76,Pesos,94380.0,Vencido más de 6 meses,FVOMN,3,,94380.0,1788,Crédito,1,1.0,,,11-06-2018,-8,FVOMN - 3,Matias Eboli,30 dias
163,OperacionVO,0,15105,15105,31522,635,83,27,-2,29-03-2018,27-02-2018,27-02-2018,FVOMN - 17,A-0001-00001234,,OSDE ORGANIZACION DE SERVICIOS DIRECTOS EMPRESARIOS,30-54674125-3,,Deudores por Ventas - Locales,Omnimedica Pruebas,,,19844.0,982.38,Pesos,19844.0,Vencido más de 6 meses,FVOMN,17,,19844.0,1572,Crédito,1,1.0,,,11-06-2018,-8,FVOMN - 17,Matias Eboli,CHEQUE ANTICIPADO 30 dias
164,MovimientoFondosVO,0,140793,140793,511839,635,83,322,-2,10-03-2022,10-03-2022,10-03-2022,MOVFONDOS - 5794,MF-0001-00005787,,OSDE ORGANIZACION DE SERVICIOS DIRECTOS EMPRESARIOS,30-54674125-3,se abono $13073 de osde cta 01 periodo 02/2022 queda a favor para prox factura,Anticipos a Proveedores,Omnimedica S.A,,,-13073.0,-114.68,Pesos,-13073.0,Vencido 3 a 6 meses,MOVFONDOS,5794,,-13073.0,130,Débito,-1,1.0,,,10-03-2022,-32,MOVFONDOS - 5794,Matias Eboli,
165,MovimientoFondosVO,0,143513,143513,518033,635,83,322,-2,30-03-2022,30-03-2022,30-03-2022,MOVFONDOS - 5859,MF-0001-00005852,,OSDE ORGANIZACION DE SERVICIOS DIRECTOS EMPRESARIOS,30-54674125-3,compensacion pago duplicado osde en febrero cta 01,Anticipos a Proveedores,Omnimedica S.A,,,13073.0,112.94,Pesos,13073.0,Vencido 3 a 6 meses,MOVFONDOS,5859,,13073.0,110,Crédito,1,1.0,,,30-03-2022,-32,MOVFONDOS - 5859,Matias Eboli,
166,OperacionVO,0,154715,154715,561286,635,83,27,-2,23-07-2022,23-06-2022,23-06-2022,FCE - 480,A-0007-00000434,,OSDE ORGANIZACION DE SERVICIOS DIRECTOS EMPRESARIOS,30-54674125-3,,Deudores por Ventas - Locales,Omnimedica S.A,,,1840000.01,14319.07,Pesos,1840000.01,A vencer 0 a 1 mes,FCE,480,,1840000.01,0,Crédito,1,1.0,,,23-07-2022,-8,FCE - 480,Matias Eboli,30 dias
167,OperacionVO,0,155433,155433,564151,635,83,27,-2,27-07-2022,27-06-2022,27-06-2022,FCE - 485,A-0007-00000439,,OSDE ORGANIZACION DE SERVICIOS DIRECTOS EMPRESARIOS,30-54674125-3,,Deudores por Ventas - Locales,Omnimedica S.A,,,1194917.37,9280.91,Pesos,1194917.37,A vencer 0 a 1 mes,FCE,485,,1194917.37,0,Crédito,1,1.0,,,27-07-2022,-8,FCE - 485,Matias Eboli,30 dias F/P/F
168,OperacionVO,0,155803,155803,564642,635,83,27,-2,30-07-2022,30-06-2022,30-06-2022,FCE - 488,A-0007-00000442,,OSDE ORGANIZACION DE SERVICIOS DIRECTOS EMPRESARIOS,30-54674125-3,,Deudores por Ventas - Locales,Omnimedica S.A,,,1847603.31,14239.72,Pesos,1847603.31,A vencer 0 a 1 mes,FCE,488,,1847603.31,0,Crédito,1,1.0,,,30-07-2022,-8,FCE - 488,Matias Eboli,30 dias F/P/F
169,OperacionVO,0,155816,155816,564715,635,83,27,-2,30-07-2022,30-06-2022,30-06-2022,FCE - 489,A-0007-00000443,,OSDE ORGANIZACION DE SERVICIOS DIRECTOS EMPRESARIOS,30-54674125-3,,Deudores por Ventas - Locales,Omnimedica S.A,,,923801.65,7119.86,Pesos,923801.65,A vencer 0 a 1 mes,FCE,489,,923801.65,0,Crédito,1,1.0,,,30-07-2022,-8,FCE - 489,Matias Eboli,30 dias F/P/F
170,OperacionVO,0,155827,155827,564863,635,83,27,-2,30-07-2022,30-06-2022,30-06-2022,FCE - 490,A-0007-00000444,,OSDE ORGANIZACION DE SERVICIOS DIRECTOS EMPRESARIOS,30-54674125-3,,Deudores por Ventas - Locales,Omnimedica S.A,,,371528.93,2863.42,Pesos,371528.93,A vencer 0 a 1 mes,FCE,490,,371528.93,0,Crédito,1,1.0,,,30-07-2022,-8,FCE - 490,Matias Eboli,30 dias F/P/F
171,OperacionVO,0,155831,155831,564886,635,83,27,-2,30-07-2022,30-06-2022,30-06-2022,FACTVENELEC - 3182,A-0005-00002356,,OSDE ORGANIZACION DE SERVICIOS DIRECTOS EMPRESARIOS,30-54674125-3,,Deudores por Ventas - Locales,Omnimedica S.A,,,220909.09,1702.57,Pesos,220909.09,A vencer 0 a 1 mes,FACTVENELEC,3182,,220909.09,0,Crédito,1,1.0,,,30-07-2022,-8,FACTVENELEC - 3182,Matias Eboli,30 dias F/P/F
172,OperacionVO,0,157517,157517,569341,635,83,27,-2,13-08-2022,14-07-2022,14-07-2022,FCE - 499,A-0007-00000452,,OSDE ORGANIZACION DE SERVICIOS DIRECTOS EMPRESARIOS,30-54674125-3,,Deudores por Ventas - Locales,Omnimedica S.A,,,416514.04,3085.29,Pesos,416514.04,A vencer 0 a 1 mes,FCE,499,,416514.04,0,Crédito,1,1.0,,,13-08-2022,-8,FCE - 499,Matias Eboli,30 dias F/P/F
173,OperacionTesoreriaVO,0,158488,158488,574258,635,83,27,-2,14-07-2022,14-07-2022,14-07-2022,COBRANZA - 2922,X-0002-00000589,,OSDE ORGANIZACION DE SERVICIOS DIRECTOS EMPRESARIOS,30-54674125-3,,Deudores por Ventas - Locales,Omnimedica S.A,,,-1840000.01,-13629.63,Pesos,-1840000.01,Vencido 0 a 1 mes,COBRANZA,2922,,-1840000.01,4,Débito,-1,1.0,,,14-07-2022,-30,COBRANZA - 2922,Matias Eboli,
174,AsientoGenericoVO,0,148152,148152,542359,279,91,394,-2,31-03-2022,31-03-2022,31-03-2022,AG - 1188,,,PREVENCION SALUD S.A.,30-71304500-0,"SALDO A FAVOR PREVENCION SALUD (N° FC 7 - 382 ), la misma no se realizo la intervencion.		",Anticipos de Clientes,Omnimedica S.A,,,-4049600.01,-34910.34,Pesos,-4049600.01,Vencido 3 a 6 meses,AG,1188,,-4049600.01,109,Débito,-1,1.0,,,31-03-2022,-19,AG - 1188,,
175,OperacionVO,0,134572,134572,497520,281,PR,27,-2,21-01-2022,20-01-2022,20-01-2022,NCVEE - 346,A-0005-00000272,,PRORAM S. A.,30-71046592-0,,Deudores por Ventas - Locales,Omnimedica S.A,,,-421.46,-3.87,Pesos,-421.46,Vencido 3 a 6 meses,NCVEE,346,,-421.46,178,Débito,-1,1.0,,,21-01-2022,-8,NCVEE - 346,,TRANSFERENCIA
176,OperacionVO,0,152625,152625,556140,2845,PASTEUR ,27,-2,01-07-2022,01-06-2022,01-06-2022,FACTVENELEC - 3123,A-0005-00002313,,SANATORIO PASTEUR SA,30-62893383-5,,Deudores por Ventas - Locales,Omnimedica S.A,,,2700000.0,21556.89,Pesos,2700000.0,Vencido 0 a 1 mes,FACTVENELEC,3123,,2700000.0,17,Crédito,1,1.0,,,01-07-2022,-8,FACTVENELEC - 3123,,CHEQUE ANTICIPADO 30 dias
177,OperacionVO,0,148935,148935,544052,551,98,27,-2,01-07-2022,02-05-2022,02-05-2022,FACTVENELEC - 3073,A-0005-00002281,,SOCIEDAD ITALIANA DE BENEFICENCIA EN BUENOS AIRES,30-54586767-9,,Deudores por Ventas - Locales,Omnimedica S.A,,,202479.34,1683.82,Pesos,202479.34,Vencido 0 a 1 mes,FACTVENELEC,3073,,202479.34,17,Crédito,1,1.0,,,01-07-2022,-8,FACTVENELEC - 3073,,60 dias
178,OperacionVO,0,156004,156004,565319,551,98,27,-2,02-09-2022,04-07-2022,04-07-2022,FCE - 493,A-0007-00000446,,SOCIEDAD ITALIANA DE BENEFICENCIA EN BUENOS AIRES,30-54586767-9,,Deudores por Ventas - Locales,Omnimedica S.A,,,1619834.75,12436.35,Pesos,1619834.75,A vencer 1 a 2 meses,FCE,493,,1619834.75,0,Crédito,1,1.0,,,02-09-2022,-8,FCE - 493,,60 dias
179,OperacionVO,0,156052,156052,565462,551,98,27,-2,03-09-2022,05-07-2022,05-07-2022,FCE - 494,A-0007-00000447,,SOCIEDAD ITALIANA DE BENEFICENCIA EN BUENOS AIRES,30-54586767-9,,Deudores por Ventas - Locales,Omnimedica S.A,,,404958.69,3079.53,Pesos,404958.69,A vencer 1 a 2 meses,FCE,494,,404958.69,0,Crédito,1,1.0,,,03-09-2022,-8,FCE - 494,,60 dias
180,OperacionVO,0,156059,156059,565478,551,98,27,-2,03-09-2022,05-07-2022,05-07-2022,FACTVENELEC - 3188,A-0005-00002359,,SOCIEDAD ITALIANA DE BENEFICENCIA EN BUENOS AIRES,30-54586767-9,,Deudores por Ventas - Locales,Omnimedica S.A,,,202479.34,1539.77,Pesos,202479.34,A vencer 1 a 2 meses,FACTVENELEC,3188,,202479.34,0,Crédito,1,1.0,,,03-09-2022,-8,FACTVENELEC - 3188,,60 dias
181,OperacionTesoreriaVO,0,70899,70899,256143,352,99,394,-2,18-12-2019,18-12-2019,18-12-2019,COBRANZA - 1562,X-0001-00001558,8357,SOLO IMPORTACION SRL,30-71029258-9,,Anticipos de Clientes,Omnimedica S.A,,,-0.01,0.0,Pesos,-0.01,Vencido más de 6 meses,COBRANZA,1562,,-0.01,943,Débito,-1,1.0,,,18-12-2019,-30,COBRANZA - 1562,,
182,OperacionVO,0,151558,151558,552285,2147,SUIZO ARGENTINA S.A.,27,-2,15-06-2022,16-05-2022,16-05-2022,FCE - 458,A-0007-00000413,,SUIZO ARGENTINA SOCIEDAD ANONIMA,30-51696843-1,,Deudores por Ventas - Locales,Omnimedica S.A,,,1765145.9,14350.78,Pesos,1765145.9,Vencido 1 a 2 meses,FCE,458,,1765145.9,33,Crédito,1,1.0,,,15-06-2022,-8,FCE - 458,,30 dias F/P/F
183,OperacionVO,0,152739,152739,556316,2147,SUIZO ARGENTINA S.A.,27,-2,02-07-2022,02-06-2022,02-06-2022,FCE - 470,A-0007-00000424,,SUIZO ARGENTINA SOCIEDAD ANONIMA,30-51696843-1,,Deudores por Ventas - Locales,Omnimedica S.A,,,320026.45,2555.1,Pesos,320026.45,Vencido 0 a 1 mes,FCE,470,,320026.45,16,Crédito,1,1.0,,,02-07-2022,-8,FCE - 470,,30 dias
184,OperacionVO,0,153702,153702,558980,2147,SUIZO ARGENTINA S.A.,27,-2,10-07-2022,10-06-2022,10-06-2022,FCE - 473,A-0007-00000427,,SUIZO ARGENTINA SOCIEDAD ANONIMA,30-51696843-1,,Deudores por Ventas - Locales,Omnimedica S.A,,,524035.31,4134.4,Pesos,524035.31,Vencido 0 a 1 mes,FCE,473,,524035.31,8,Crédito,1,1.0,,,10-07-2022,-8,FCE - 473,,30 dias
185,OperacionVO,0,156993,156993,567891,2147,SUIZO ARGENTINA S.A.,27,-2,11-08-2022,12-07-2022,12-07-2022,FCE - 496,A-0007-00000449,,SUIZO ARGENTINA SOCIEDAD ANONIMA,30-51696843-1,,Deudores por Ventas - Locales,Omnimedica S.A,,,525043.47,3910.94,Pesos,525043.47,A vencer 0 a 1 mes,FCE,496,,525043.47,0,Crédito,1,1.0,,,11-08-2022,-8,FCE - 496,,30 dias F/P/F
186,OperacionVO,0,77153,77153,281800,553,101,27,1,02-04-2020,29-02-2020,29-02-2020,NC FCE - 26,A-0007-00000013,,SWISS MEDICAL S.A.,30-65485516-8,,Deudores por Ventas - Locales,Omnimedica S.A,,,-205901.81,-3229.83,Dólares,0.0,Vencido más de 6 meses,NC FCE,26,,0.0,837,Débito,-1,63.75,,,02-04-2020,-8,NC FCE - 26,,30 dias
187,OperacionVO,0,78623,78623,291327,553,101,27,1,26-04-2020,12-03-2020,12-03-2020,FCE - 102,A-0007-00000092,,SWISS MEDICAL S.A.,30-65485516-8,,Deudores por Ventas - Locales,Omnimedica S.A,,,205901.44,3217.21,Dólares,3217.21,Vencido más de 6 meses,FCE,102,,434323.35,813,Crédito,1,64.0,,,26-04-2020,-8,FCE - 102,,QUINCENA +30 DIAS FECHA DE RECEPCION
188,OperacionVO,0,111025,111025,410893,1073,SYM,394,-2,29-06-2021,29-06-2021,29-06-2021,FACTVENELEC - 2511,A-0001-00000008,,SYM BIOMEDICOS S.A.,30-71529114-9,,Anticipos de Clientes,Omnimedica Pruebas,,,-600000.0,-5970.15,Pesos,-600000.0,Vencido más de 6 meses,FACTVENELEC,2511,,-600000.0,384,Débito,-1,1.0,,,29-06-2021,-8,FACTVENELEC - 2511,,TRANSFERENCIA ANTICIPADA
189,OperacionVO,0,111025,111025,410895,1073,SYM,27,-2,30-06-2021,29-06-2021,29-06-2021,FACTVENELEC - 2511,A-0001-00000008,,SYM BIOMEDICOS S.A.,30-71529114-9,,Deudores por Ventas - Locales,Omnimedica Pruebas,,,726000.0,7223.88,Pesos,726000.0,Vencido más de 6 meses,FACTVENELEC,2511,,726000.0,383,Crédito,1,1.0,,,30-06-2021,-8,FACTVENELEC - 2511,,TRANSFERENCIA ANTICIPADA
